,PLAYER_ID,RANK,PLAYER,TEAM,GP,MIN,FGM,FGA,FG_PCT,FG3M,FG3A,FG3_PCT,FTM,FTA,FT_PCT,OREB,DREB,REB,AST,STL,BLK,TOV,PF,PTS,EFF,AST_TOV,STL_TOV,Salary
0,203081,1,Damian Lillard,POR,38,1374,357,791,0.451,166,428,0.388,278,297,0.936,19,151,170,303,37,10,127,63,1158,1098,2.39,0.29,"$31,626,953"
1,203078,2,Bradley Beal,WAS,35,1248,395,818,0.483,80,238,0.336,260,288,0.903,43,142,185,162,48,15,111,87,1130,978,1.46,0.43,"$28,751,774"
2,201939,3,Stephen Curry,GSW,38,1286,368,771,0.477,180,435,0.414,196,211,0.929,18,185,203,235,52,3,118,69,1112,1069,1.99,0.44,"$43,006,362"
3,203507,4,Giannis Antetokounmpo,MIL,38,1290,400,711,0.563,43,144,0.299,260,384,0.677,71,373,444,236,49,52,138,114,1103,1311,1.71,0.36,"$27,528,088"
4,203897,5,Zach LaVine,CHI,38,1343,386,729,0.529,135,306,0.441,173,201,0.861,26,170,196,191,38,17,146,97,1080,1005,1.31,0.26,"$19,500,000"
5,203999,6,Nikola Jokic,DEN,39,1400,413,735,0.562,60,145,0.414,177,203,0.872,111,324,435,332,64,24,120,110,1063,1450,2.77,0.53,"$29,542,010"
6,2544,7,LeBron James,LAL,39,1341,371,727,0.51,93,255,0.365,160,230,0.696,23,291,314,313,42,23,148,63,995,1113,2.12,0.28,"$39,219,566"
7,1629027,8,Trae Young,ATL,38,1310,289,673,0.429,95,253,0.375,316,362,0.873,27,126,153,356,32,9,166,76,989,943,2.15,0.19,"$6,571,800"
8,1629029,9,Luka Doncic,DAL,35,1235,344,727,0.473,94,269,0.349,202,268,0.754,28,268,296,327,34,22,149,76,984,1065,2.2,0.23,"$8,049,360"
9,202696,10,Nikola Vucevic,ORL,39,1321,392,800,0.49,106,255,0.416,84,99,0.848,76,377,453,146,38,23,73,68,974,1138,2.0,0.52,"$26,000,000"
10,1629627,11,Zion Williamson,NOP,38,1239,377,608,0.62,6,19,0.316,212,304,0.697,102,161,263,132,33,25,95,90,972,1007,1.39,0.35,"$10,245,480"
11,1627742,12,Brandon Ingram,NOP,40,1370,339,710,0.477,95,251,0.378,182,208,0.875,24,181,205,187,26,30,96,79,955,910,1.95,0.27,"$27,285,000"
12,203944,13,Julius Randle,NYK,41,1507,338,708,0.477,77,186,0.414,192,242,0.793,62,394,456,237,34,10,136,124,945,1126,1.74,0.25,"$19,845,000"
13,203954,14,Joel Embiid,PHI,31,1010,293,558,0.525,38,90,0.422,304,354,0.859,67,288,355,101,37,43,99,77,928,1050,1.02,0.37,"$29,542,010"
14,1628378,15,Donovan Mitchell,UTA,37,1259,310,741,0.418,123,320,0.384,169,205,0.824,38,130,168,200,35,11,111,83,912,748,1.8,0.32,"$5,195,501"
15,1628368,16,De'Aaron Fox,SAC,38,1309,326,694,0.47,70,209,0.335,175,257,0.681,26,105,131,288,46,17,123,115,897,806,2.34,0.37,"$8,099,627"
16,1627759,17,Jaylen Brown,BOS,36,1222,331,674,0.491,83,215,0.386,135,176,0.767,39,157,196,142,43,17,102,102,880,792,1.39,0.42,"$25,035,118"
17,202695,18,Kawhi Leonard,LAC,33,1140,315,612,0.515,68,171,0.398,174,198,0.879,31,179,210,159,54,16,64,55,872,926,2.48,0.84,"$34,379,100"
18,1628369,19,Jayson Tatum,BOS,34,1211,313,701,0.447,91,239,0.381,139,162,0.858,22,214,236,150,47,15,86,67,856,807,1.74,0.55,"$9,897,120"
19,1626164,20,Devin Booker,PHX,34,1153,315,633,0.498,70,193,0.363,154,182,0.846,8,118,126,157,28,9,116,99,854,712,1.35,0.24,"$29,467,800"
20,201935,21,James Harden,BKN,34,1289,270,567,0.476,102,271,0.376,209,239,0.874,29,247,276,378,39,27,149,75,851,1095,2.54,0.26,"$41,254,920"
21,203924,22,Jerami Grant,DET,36,1290,276,636,0.434,85,240,0.354,204,234,0.872,28,160,188,104,27,38,71,95,841,737,1.47,0.38,"$19,050,000"
22,1629012,23,Collin Sexton,CLE,34,1221,293,615,0.476,55,146,0.377,161,200,0.805,23,63,86,143,40,4,95,96,802,619,1.51,0.42,"$4,991,880"
23,202681,24,Kyrie Irving,BKN,29,1031,305,586,0.52,85,205,0.415,105,119,0.882,33,104,137,167,33,18,70,81,800,790,2.39,0.47,"$33,460,350"
24,1627763,25,Malcolm Brogdon,IND,37,1314,305,669,0.456,93,236,0.394,96,108,0.889,28,148,176,226,42,8,80,72,799,795,2.83,0.53,"$20,700,000"
25,203114,26,Khris Middleton,MIL,39,1297,290,592,0.49,87,205,0.424,127,142,0.894,31,205,236,219,43,7,102,100,794,880,2.15,0.42,"$33,051,724"
26,1628983,27,Shai Gilgeous-Alexander,OKC,33,1115,268,524,0.511,66,160,0.413,178,220,0.809,19,141,160,199,26,21,102,67,780,786,1.95,0.26,"$4,141,320"
27,1627734,28,Domantas Sabonis,IND,38,1385,295,561,0.526,33,102,0.324,156,217,0.719,97,328,425,239,40,23,129,132,779,1050,1.85,0.31,"$19,800,000"
28,1627750,29,Jamal Murray,DEN,37,1308,284,601,0.473,95,241,0.394,106,125,0.848,28,125,153,174,42,11,84,75,769,729,2.07,0.5,"$27,285,000"
29,1626179,30,Terry Rozier,CHA,36,1193,263,546,0.482,122,284,0.43,88,105,0.838,18,116,134,114,50,12,69,68,736,677,1.65,0.73,"$18,900,000"
30,202330,31,Gordon Hayward,CHA,34,1180,262,541,0.484,68,166,0.41,127,146,0.87,28,157,185,133,48,13,67,56,719,733,1.99,0.72,"$28,500,000"
31,1628381,32,John Collins,ATL,40,1224,278,526,0.529,53,142,0.373,109,129,0.845,89,221,310,55,18,42,54,134,718,821,1.02,0.33,"$4,137,302"
32,202699,32,Tobias Harris,PHI,35,1181,277,535,0.518,57,138,0.413,107,120,0.892,42,220,262,120,29,30,64,71,718,824,1.88,0.45,"$34,358,850"
33,1629628,34,RJ Barrett,NYK,41,1368,267,593,0.45,48,135,0.356,124,169,0.734,48,197,245,122,29,9,76,107,706,664,1.61,0.38,"$8,231,760"
34,1626181,35,Norman Powell,TOR,37,1109,239,488,0.49,100,230,0.435,126,143,0.881,16,96,112,70,44,6,67,83,704,603,1.05,0.66,"$10,865,952"
35,203903,36,Jordan Clarkson,UTA,39,1013,258,581,0.444,125,334,0.374,61,63,0.968,36,118,154,85,37,7,68,58,702,592,1.25,0.54,"$11,500,000"
36,203952,37,Andrew Wiggins,GSW,40,1286,263,558,0.471,72,197,0.365,89,131,0.679,43,136,179,85,34,41,75,90,687,614,1.13,0.45,"$29,542,010"
37,202331,37,Paul George,LAC,30,992,240,497,0.483,101,231,0.437,106,120,0.883,27,155,182,158,34,14,100,70,687,704,1.58,0.34,"$35,450,412"
38,1627832,39,Fred VanVleet,TOR,34,1249,226,565,0.4,114,298,0.383,118,132,0.894,23,128,151,224,58,27,69,83,684,722,3.25,0.84,"$21,250,000"
39,1627736,40,Malik Beasley,MIN,33,1093,250,550,0.455,116,286,0.406,61,72,0.847,27,126,153,81,27,6,54,54,677,579,1.5,0.5,"$13,425,895"
40,201566,41,Russell Westbrook,WAS,31,1069,255,582,0.438,40,126,0.317,107,186,0.575,50,238,288,312,38,10,147,90,657,752,2.12,0.26,"$41,358,814"
41,1628389,42,Bam Adebayo,MIA,34,1149,242,433,0.559,2,6,0.333,162,192,0.844,79,243,322,185,29,36,100,82,648,899,1.85,0.29,"$5,115,492"
42,1630162,43,Anthony Edwards,MIN,40,1190,240,623,0.385,82,258,0.318,85,107,0.794,28,136,164,98,37,15,76,66,647,480,1.29,0.49,"$9,757,440"
43,1627741,44,Buddy Hield,SAC,39,1365,217,556,0.39,152,405,0.375,57,67,0.851,16,162,178,129,33,12,67,101,643,579,1.93,0.49,"$24,931,817"
44,201942,45,DeMar DeRozan,SAS,30,1018,206,420,0.49,17,53,0.321,180,204,0.882,22,120,142,220,29,8,50,59,609,720,4.4,0.58,"$27,739,975"
45,203501,46,Tim Hardaway Jr.,DAL,37,1085,212,484,0.438,107,280,0.382,73,92,0.793,13,104,117,62,22,6,34,56,604,486,1.82,0.65,
46,202711,47,Bojan Bogdanovic,UTA,39,1189,196,463,0.423,102,260,0.392,108,125,0.864,20,132,152,76,19,2,59,64,602,508,1.29,0.32,"$17,850,000"
47,1627783,47,Pascal Siakam,TOR,30,1075,222,490,0.453,36,122,0.295,122,149,0.819,58,166,224,143,35,21,65,93,602,665,2.2,0.54,"$30,559,200"
48,1630163,49,LaMelo Ball,CHA,38,1096,218,485,0.449,77,202,0.381,86,107,0.804,54,175,229,240,60,14,106,103,599,748,2.26,0.57,"$7,839,960"
49,203084,50,Harrison Barnes,SAC,36,1286,201,407,0.494,57,154,0.37,137,166,0.825,37,186,223,126,28,6,53,49,596,691,2.38,0.53,"$22,215,909"
50,1629632,51,Coby White,CHI,38,1244,218,527,0.414,89,255,0.349,70,79,0.886,18,164,182,188,16,6,84,97,595,585,2.24,0.19,"$5,572,680"
51,101108,52,Chris Paul,PHX,37,1174,222,456,0.487,55,141,0.39,89,94,0.947,16,156,172,324,48,10,89,94,588,814,3.64,0.54,"$41,358,814"
52,203925,53,Joe Harris,BKN,40,1242,214,408,0.525,134,271,0.494,22,32,0.688,21,119,140,68,23,8,32,88,584,587,2.13,0.72,"$16,071,429"
53,1626149,54,Montrezl Harrell,LAL,40,977,239,375,0.637,0,8,0.0,102,135,0.756,94,159,253,47,29,31,43,85,580,728,1.09,0.67,"$9,258,000"
54,200768,55,Kyle Lowry,TOR,32,1108,192,431,0.445,91,229,0.397,103,118,0.873,28,150,178,232,35,7,95,102,578,681,2.44,0.37,"$30,500,000"
55,1629018,56,Gary Trent Jr.,POR,37,1161,205,486,0.422,114,282,0.404,52,66,0.788,21,60,81,54,33,5,28,58,576,426,1.93,1.18,
56,1626162,57,Kelly Oubre Jr.,GSW,38,1153,216,494,0.437,62,199,0.312,81,113,0.717,53,170,223,51,42,29,51,85,575,559,1.0,0.82,
57,203082,57,Terrence Ross,ORL,36,1066,205,495,0.414,81,225,0.36,84,94,0.894,12,115,127,81,39,17,61,68,575,478,1.33,0.64,"$13,500,000"
58,1627749,59,Dejounte Murray,SAS,36,1114,234,514,0.455,36,111,0.324,61,75,0.813,25,227,252,189,56,3,60,73,565,711,3.15,0.93,"$14,286,000"
59,202710,60,Jimmy Butler,MIA,26,866,182,382,0.476,9,44,0.205,191,224,0.853,51,145,196,204,56,11,59,33,564,739,3.46,0.95,"$34,379,100"
60,203497,60,Rudy Gobert,UTA,39,1203,214,331,0.647,0,1,0.0,136,223,0.61,131,394,525,51,19,112,70,91,564,997,0.73,0.27,"$26,775,281"
61,203506,62,Victor Oladipo,HOU,27,892,203,500,0.406,68,205,0.332,88,116,0.759,9,129,138,127,37,11,63,63,562,487,2.02,0.59,"$21,000,000"
62,1628449,63,Chris Boucher,TOR,39,940,193,359,0.538,64,148,0.432,102,133,0.767,72,181,253,39,23,75,29,109,552,716,1.35,0.79,"$6,500,000"
63,201142,64,Kevin Durant,BKN,19,680,188,359,0.524,49,113,0.434,126,145,0.869,7,132,139,100,14,27,67,43,551,574,1.49,0.21,"$39,058,950"
64,1629630,65,Ja Morant,MEM,28,868,195,436,0.447,24,97,0.247,135,172,0.785,22,71,93,214,28,4,81,44,549,529,2.64,0.35,"$9,166,800"
65,1629028,66,Deandre Ayton,PHX,38,1168,236,394,0.599,4,17,0.235,70,96,0.729,127,298,425,60,15,43,66,116,546,839,0.91,0.23,"$10,018,200"
66,2546,67,Carmelo Anthony,POR,38,984,188,453,0.415,67,176,0.381,91,106,0.858,23,105,128,67,35,30,41,84,534,473,1.63,0.85,"$2,564,753"
67,1627732,68,Ben Simmons,PHI,33,1111,206,355,0.58,2,7,0.286,114,173,0.659,58,204,262,252,50,22,110,99,528,796,2.29,0.46,"$30,559,200"
68,202322,69,John Wall,HOU,25,793,188,443,0.424,51,150,0.34,99,133,0.744,11,70,81,151,22,18,83,29,526,426,1.82,0.27,"$41,254,920"
69,201144,69,Mike Conley,UTA,32,949,183,402,0.455,90,212,0.425,70,83,0.843,29,78,107,179,44,4,60,61,526,568,2.98,0.73,"$34,502,132"
70,203471,71,Dennis Schroder,LAL,36,1125,183,420,0.436,35,110,0.318,124,150,0.827,18,105,123,166,36,9,91,95,525,505,1.82,0.4,
71,1628366,72,Lonzo Ball,NOP,37,1167,190,446,0.426,111,285,0.389,33,43,0.767,22,132,154,203,49,20,74,75,524,610,2.74,0.66,"$11,003,782"
72,1628415,73,Dillon Brooks,MEM,33,965,201,503,0.4,62,187,0.332,59,72,0.819,29,68,97,85,43,14,68,111,523,379,1.25,0.63,"$11,400,000"
73,203076,74,Anthony Davis,LAL,23,755,204,383,0.533,17,58,0.293,93,130,0.715,47,146,193,70,31,41,45,42,518,592,1.56,0.69,"$32,742,000"
74,1628969,74,Mikal Bridges,PHX,38,1228,188,355,0.53,69,166,0.416,73,87,0.839,48,136,184,85,28,35,31,60,518,638,2.74,0.9,"$4,359,000"
75,1629130,76,Duncan Robinson,MIA,40,1317,169,396,0.427,133,339,0.392,42,50,0.84,4,151,155,65,23,8,48,96,513,481,1.35,0.48,"$1,663,861"
76,1628963,76,Marvin Bagley III,SAC,37,951,209,416,0.502,34,96,0.354,61,109,0.56,91,184,275,35,18,19,49,90,513,556,0.71,0.37,
77,203991,78,Clint Capela,ATL,34,1004,222,372,0.597,0,0,0.0,60,113,0.531,172,314,486,30,25,78,49,78,504,871,0.61,0.51,"$18,000,000"
78,202685,79,Jonas Valanciunas,MEM,31,859,207,372,0.556,10,31,0.323,79,107,0.738,118,250,368,55,21,21,62,94,503,713,0.89,0.34,"$15,000,000"
79,203926,80,Doug McDermott,IND,37,958,192,379,0.507,63,168,0.375,48,59,0.814,38,108,146,50,11,4,36,64,495,472,1.39,0.31,"$7,333,333"
80,1628386,81,Jarrett Allen,CLE,38,1064,180,275,0.655,4,9,0.444,129,180,0.717,119,255,374,64,17,65,55,62,493,812,1.16,0.31,"$3,909,902"
81,1628989,82,Kevin Huerter,ATL,40,1276,185,431,0.429,87,236,0.369,33,40,0.825,28,119,147,144,52,11,48,97,490,543,3.0,1.08,"$2,761,920"
82,201569,83,Eric Gordon,HOU,27,789,159,367,0.433,69,210,0.329,94,114,0.825,8,50,58,71,14,13,51,44,481,358,1.39,0.28,"$16,869,267"
83,204001,84,Kristaps Porzingis,DAL,23,696,181,368,0.492,54,145,0.372,62,74,0.838,42,152,194,29,9,35,27,66,478,519,1.07,0.33,"$29,467,800"
84,1626167,85,Myles Turner,IND,36,1127,167,344,0.485,51,163,0.313,91,117,0.778,52,186,238,35,36,122,49,126,476,655,0.71,0.74,"$18,000,000"
85,1626158,86,Richaun Holmes,SAC,35,1053,205,314,0.653,1,6,0.167,63,79,0.797,89,215,304,64,25,54,47,135,474,749,1.36,0.53,"$5,005,350"
86,1629636,87,Darius Garland,CLE,30,985,187,427,0.438,52,135,0.385,47,56,0.839,14,50,64,174,34,3,89,65,473,410,1.96,0.38,"$6,720,720"
87,1630193,87,Immanuel Quickley,NYK,37,735,147,372,0.395,70,188,0.372,109,121,0.901,17,67,84,88,18,9,37,77,473,398,2.38,0.49,"$2,105,520"
88,101150,89,Lou Williams,LAC,38,846,169,394,0.429,42,105,0.4,92,108,0.852,14,71,85,137,35,3,59,38,472,432,2.32,0.59,
89,1628398,90,Kyle Kuzma,LAL,39,1016,184,406,0.453,73,193,0.378,29,46,0.63,80,181,261,47,17,23,57,66,470,522,0.83,0.3,"$3,562,178"
90,201988,91,Patty Mills,SAS,36,913,165,370,0.446,97,246,0.394,42,47,0.894,11,53,64,92,25,1,38,48,469,403,2.42,0.66,
91,202683,92,Enes Kanter,POR,39,1033,198,334,0.593,0,1,0.0,71,93,0.763,160,293,453,46,20,29,47,106,467,810,0.98,0.43,"$5,005,350"
92,1628367,93,Josh Jackson,DET,35,866,167,395,0.423,42,151,0.278,89,127,0.701,35,116,151,68,30,32,77,99,465,403,0.88,0.39,"$4,767,000"
93,202339,94,Eric Bledsoe,NOP,39,1132,165,389,0.424,71,188,0.378,59,86,0.686,16,117,133,150,28,11,61,66,460,470,2.46,0.46,"$16,875,000"
94,1629652,94,Luguentz Dort,OKC,37,1099,155,402,0.386,72,219,0.329,78,100,0.78,25,107,132,58,31,10,54,89,460,368,1.07,0.57,"$1,517,981"
95,1629639,96,Tyler Herro,MIA,29,932,171,396,0.432,55,165,0.333,57,72,0.792,15,147,162,101,19,11,67,43,454,440,1.51,0.28,"$3,822,240"
96,1629640,97,Keldon Johnson,SAS,33,945,169,353,0.479,30,92,0.326,83,106,0.783,49,158,207,65,22,17,44,72,451,511,1.48,0.5,"$2,048,040"
97,203115,98,Will Barton,DEN,36,1092,170,382,0.445,65,156,0.417,42,56,0.75,22,124,146,113,30,16,60,58,447,466,1.88,0.5,"$13,723,214"
98,1626157,99,Karl-Anthony Towns,MIN,20,662,160,323,0.495,37,106,0.349,87,100,0.87,54,152,206,83,17,34,67,75,444,541,1.24,0.25,"$29,467,800"
99,1629008,99,Michael Porter Jr.,DEN,29,833,166,320,0.519,68,162,0.42,44,58,0.759,41,167,208,24,23,30,30,68,444,531,0.8,0.77,
100,201950,101,Jrue Holiday,MIL,29,895,176,365,0.482,48,133,0.361,42,53,0.792,36,94,130,143,51,15,49,53,442,532,2.92,1.04,"$25,876,111"
101,203200,101,Justin Holiday,IND,38,1227,151,342,0.442,97,242,0.401,43,52,0.827,24,123,147,65,46,14,30,82,442,484,2.17,1.53,"$5,720,400"
102,1629675,103,Naz Reid,MIN,38,768,175,337,0.519,33,100,0.33,58,83,0.699,45,133,178,47,23,45,39,112,441,508,1.21,0.59,"$1,517,981"
103,203937,104,Kyle Anderson,MEM,34,922,162,340,0.476,48,131,0.366,67,88,0.761,29,171,200,114,38,21,47,59,439,566,2.43,0.81,"$9,505,100"
104,203083,105,Andre Drummond,CLE,25,722,180,380,0.474,0,8,0.0,77,129,0.597,101,236,337,64,40,29,81,69,437,574,0.79,0.49,"$28,751,774"
105,1628973,106,Jalen Brunson,DAL,34,852,158,296,0.534,45,110,0.409,74,90,0.822,7,110,117,114,18,0,42,52,435,488,2.71,0.43,"$1,663,861"
106,201572,107,Brook Lopez,MIL,39,1060,159,335,0.475,59,174,0.339,57,69,0.826,53,145,198,28,21,57,34,81,434,516,0.82,0.62,"$12,697,675"
107,1629134,107,Kendrick Nunn,MIA,32,935,167,371,0.45,64,179,0.358,36,39,0.923,16,88,104,86,36,9,54,58,434,408,1.59,0.67,"$1,663,861"
108,1626171,109,Bobby Portis,MIL,39,832,180,331,0.544,43,88,0.489,25,35,0.714,69,201,270,41,32,16,32,73,428,594,1.28,1.0,"$3,623,000"
109,203901,109,Elfrid Payton,NYK,34,956,178,407,0.437,16,64,0.25,56,76,0.737,45,85,130,125,23,7,62,65,428,402,2.02,0.37,"$4,767,000"
110,1629647,111,Darius Bazley,OKC,36,1104,158,403,0.392,54,186,0.29,57,81,0.704,22,248,270,54,18,23,63,31,427,460,0.86,0.29,"$2,399,160"
111,1629023,111,P.J. Washington,CHA,34,994,150,330,0.455,48,121,0.397,79,99,0.798,48,165,213,101,37,39,72,95,427,545,1.4,0.51,
112,201586,111,Serge Ibaka,LAC,39,919,176,347,0.507,38,108,0.352,37,45,0.822,68,193,261,68,9,46,44,74,427,588,1.55,0.21,"$9,258,000"
113,1629003,114,Shake Milton,PHI,32,787,151,345,0.438,32,106,0.302,87,98,0.888,19,53,72,99,20,9,50,75,421,366,1.98,0.4,"$1,701,593"
114,203552,115,Seth Curry,PHI,32,949,148,318,0.465,65,147,0.442,56,60,0.933,6,63,69,93,28,8,45,55,417,396,2.07,0.62,"$7,834,449"
115,203482,116,Kelly Olynyk,MIA,39,1063,156,346,0.451,75,224,0.335,29,38,0.763,37,199,236,88,37,25,50,111,416,553,1.76,0.74,"$13,598,243"
116,201152,116,Thaddeus Young,CHI,34,848,192,317,0.606,5,22,0.227,27,50,0.54,85,126,211,149,45,20,65,86,416,628,2.29,0.69,"$13,545,000"
117,1630169,118,Tyrese Haliburton,SAC,33,974,160,333,0.48,74,175,0.423,20,24,0.833,30,87,117,170,45,20,50,44,414,539,3.4,0.9,"$3,831,840"
118,202689,119,Kemba Walker,BOS,23,694,139,356,0.39,65,182,0.357,69,75,0.92,8,75,83,103,25,8,51,30,412,357,2.02,0.49,"$34,379,100"
119,1628407,120,Dwayne Bacon,ORL,39,983,149,369,0.404,41,121,0.339,69,81,0.852,12,102,114,42,23,3,29,64,408,329,1.45,0.79,"$1,678,854"
120,1629060,120,Rui Hachimura,WAS,31,935,148,318,0.465,29,86,0.337,83,107,0.776,29,142,171,53,25,2,33,66,408,432,1.61,0.76,"$4,692,840"
121,1626224,122,Cedi Osman,CLE,38,976,144,393,0.366,73,226,0.323,44,56,0.786,27,109,136,103,34,6,41,75,405,382,2.51,0.83,"$8,840,580"
122,1628978,123,Donte DiVincenzo,MIL,39,1045,152,361,0.421,72,190,0.379,26,40,0.65,49,148,197,118,42,8,50,58,402,494,2.36,0.84,"$3,044,160"
123,204060,124,Joe Ingles,UTA,35,928,139,266,0.523,87,188,0.463,34,38,0.895,15,105,120,152,16,9,55,62,399,510,2.76,0.29,"$10,363,637"
124,1630256,125,Jae'Sean Tate,HOU,38,1055,158,300,0.527,27,84,0.321,49,67,0.731,70,131,201,64,40,20,45,116,392,512,1.42,0.89,"$1,445,697"
125,203095,126,Evan Fournier,ORL,21,613,127,282,0.45,52,140,0.371,83,105,0.79,5,60,65,79,22,7,45,42,389,340,1.76,0.49,"$17,150,000"
126,1626196,127,Josh Richardson,DAL,29,921,137,310,0.442,47,150,0.313,65,70,0.929,26,66,92,79,28,10,43,77,386,374,1.84,0.65,"$10,865,952"
127,1626156,128,D'Angelo Russell,MIN,20,583,139,326,0.426,59,148,0.399,48,64,0.75,9,43,52,101,22,10,54,39,385,313,1.87,0.41,"$28,649,250"
128,203486,129,Mason Plumlee,DET,37,1030,157,259,0.606,0,6,0.0,69,104,0.663,102,238,340,139,31,32,77,129,383,711,1.81,0.4,"$8,000,000"
129,1629022,130,Lonnie Walker IV,SAS,34,906,145,351,0.413,58,163,0.356,34,43,0.791,6,89,95,59,16,13,35,69,382,315,1.69,0.46,
130,1628977,131,Hamidou Diallo,DET,32,761,143,297,0.481,12,41,0.293,83,132,0.629,37,128,165,77,31,12,49,83,381,414,1.57,0.63,"$1,663,861"
131,1628984,132,Devonte' Graham,CHA,28,878,121,338,0.358,80,223,0.359,57,73,0.781,14,66,80,156,26,0,38,42,379,370,4.11,0.68,
132,1627854,133,Bryn Forbes,MIL,39,722,135,283,0.477,84,180,0.467,22,30,0.733,7,42,49,23,8,0,21,41,376,279,1.1,0.38,"$2,337,145"
133,1628420,133,Monte Morris,DEN,36,980,144,306,0.471,40,114,0.351,48,63,0.762,7,71,78,123,26,10,25,36,376,411,4.92,1.04,"$1,723,707"
134,201143,135,Al Horford,OKC,26,732,153,336,0.455,53,141,0.376,15,19,0.789,25,149,174,86,22,24,29,48,374,464,2.97,0.76,"$27,500,000"
135,1626174,135,Christian Wood,HOU,17,530,149,267,0.558,32,76,0.421,44,64,0.688,31,143,174,22,16,26,31,32,374,443,0.71,0.52,"$13,015,874"
136,202722,137,Davis Bertans,WAS,33,837,109,278,0.392,95,246,0.386,58,68,0.853,14,85,99,28,21,7,21,82,371,326,1.33,1.0,"$15,000,000"
137,1629634,138,Brandon Clarke,MEM,31,826,155,299,0.518,17,51,0.333,43,65,0.662,49,128,177,48,36,23,17,48,370,471,2.82,2.12,"$2,602,920"
138,1628404,138,Josh Hart,NOP,40,1136,131,289,0.453,54,162,0.333,54,73,0.74,41,254,295,85,31,10,37,95,370,577,2.3,0.84,"$3,491,159"
139,1630180,138,Saddiq Bey,DET,37,862,119,294,0.405,79,203,0.389,53,62,0.855,20,123,143,41,22,3,24,55,370,371,1.71,0.92,"$2,689,920"
140,1628970,141,Miles Bridges,CHA,38,1005,140,282,0.496,46,123,0.374,43,47,0.915,47,170,217,75,26,26,65,87,369,502,1.15,0.4,"$3,934,320"
141,202694,142,Marcus Morris Sr.,LAC,31,757,130,297,0.438,69,152,0.454,39,44,0.886,21,95,116,33,16,9,28,57,368,342,1.18,0.57,
142,1630172,142,Patrick Williams,CHI,37,1043,139,301,0.462,33,86,0.384,57,73,0.781,33,138,171,47,27,27,54,83,368,408,0.87,0.5,"$7,068,360"
143,201609,144,Goran Dragic,MIA,26,705,131,294,0.446,43,121,0.355,61,73,0.836,8,79,87,132,16,5,72,62,366,359,1.83,0.22,"$18,000,000"
144,201568,145,Danilo Gallinari,ATL,28,647,108,254,0.425,62,150,0.413,86,91,0.945,7,97,104,39,17,5,29,55,364,349,1.35,0.59,"$19,500,000"
145,203468,146,CJ McCollum,POR,14,466,126,271,0.465,65,150,0.433,40,47,0.851,7,48,55,67,17,5,17,29,357,332,3.94,1.0,"$29,354,152"
146,1629661,147,Cameron Johnson,PHX,34,823,125,286,0.437,73,193,0.378,32,37,0.865,19,96,115,46,22,10,26,48,355,356,1.77,0.85,"$4,235,160"
147,203109,148,Jae Crowder,PHX,35,960,119,298,0.399,84,222,0.378,31,37,0.838,15,160,175,73,28,9,30,63,353,423,2.43,0.93,"$9,258,000"
148,1629672,149,Eric Paschall,GSW,37,645,138,280,0.493,15,49,0.306,61,85,0.718,27,90,117,49,11,6,39,64,352,330,1.26,0.28,"$1,517,981"
149,201145,150,Jeff Green,BKN,36,961,126,248,0.508,53,124,0.427,45,58,0.776,15,116,131,53,23,10,27,69,350,405,1.96,0.85,"$2,564,753"
150,1628464,151,Daniel Theis,BOS,37,887,138,243,0.568,29,79,0.367,42,62,0.677,48,141,189,53,23,39,35,105,347,491,1.51,0.66,"$5,000,000"
151,1628374,152,Lauri Markkanen,CHI,18,551,122,240,0.508,56,136,0.412,46,55,0.836,10,97,107,16,10,9,28,37,346,333,0.57,0.36,"$6,731,508"
152,201980,153,Danny Green,PHI,40,1127,121,307,0.394,90,239,0.377,13,20,0.65,33,113,146,71,51,33,50,72,345,403,1.42,1.02,"$15,365,853"
153,1630164,154,James Wiseman,GSW,29,604,143,272,0.526,11,30,0.367,46,75,0.613,43,130,173,18,9,29,44,94,343,370,0.41,0.21,"$8,730,240"
154,202692,155,Alec Burks,NYK,29,731,114,282,0.404,54,140,0.386,59,69,0.855,14,106,120,61,22,6,31,56,341,341,1.97,0.71,"$6,000,000"
155,201587,156,Nicolas Batum,LAC,38,1093,118,248,0.476,74,168,0.44,30,36,0.833,33,147,180,87,44,13,28,64,340,500,3.11,1.57,"$11,608,231"
156,202704,156,Reggie Jackson,LAC,38,783,127,280,0.454,53,128,0.414,33,43,0.767,13,87,100,112,21,3,37,69,340,376,3.03,0.57,"$2,331,593"
157,203488,158,Mike Muscala,OKC,35,645,119,267,0.446,68,184,0.37,33,36,0.917,19,113,132,28,8,11,21,54,339,346,1.33,0.38,"$2,283,034"
158,201565,159,Derrick Rose,NYK,25,588,126,293,0.43,23,61,0.377,63,74,0.851,7,48,55,112,29,10,48,29,338,318,2.33,0.6,"$7,682,926"
159,1627826,159,Ivica Zubac,LAC,41,817,130,198,0.657,0,2,0.0,78,96,0.813,100,185,285,44,15,32,42,100,338,586,1.05,0.36,"$7,000,000"
160,1626153,161,Delon Wright,DET,32,933,121,260,0.465,31,81,0.383,63,82,0.768,33,111,144,158,48,16,39,39,336,505,4.05,1.23,"$9,000,000"
161,200752,162,Rudy Gay,SAS,30,652,121,291,0.416,49,127,0.386,41,51,0.804,26,124,150,47,22,17,32,53,332,356,1.47,0.69,"$14,500,000"
162,1628370,163,Malik Monk,CHA,25,550,115,252,0.456,57,134,0.425,40,50,0.8,10,61,71,47,9,3,37,34,327,273,1.27,0.24,"$5,345,687"
163,203493,164,Reggie Bullock,NYK,36,970,117,281,0.416,69,180,0.383,23,27,0.852,11,112,123,44,23,7,26,84,326,329,1.69,0.89,"$4,200,000"
164,201937,165,Ricky Rubio,MIN,38,980,107,267,0.401,30,95,0.316,78,94,0.83,15,104,119,253,49,1,77,85,322,491,3.29,0.64,"$17,000,000"
165,1628384,166,OG Anunoby,TOR,23,769,114,238,0.479,49,124,0.395,40,53,0.755,33,99,132,38,37,17,38,64,317,366,1.0,0.97,"$3,872,215"
166,201961,166,Wayne Ellington,DET,30,697,108,242,0.446,81,192,0.422,20,27,0.741,8,45,53,42,13,6,22,45,317,268,1.91,0.59,"$3,564,753"
167,203484,168,Kentavious Caldwell-Pope,LAL,36,938,107,243,0.44,56,137,0.409,45,52,0.865,16,74,90,54,28,10,36,57,315,318,1.5,0.78,"$12,073,020"
168,1628976,168,Wendell Carter Jr.,CHI,27,697,118,228,0.518,7,21,0.333,72,97,0.742,60,158,218,59,17,23,46,84,315,451,1.28,0.37,
169,203496,170,Robert Covington,POR,37,1196,109,279,0.391,70,195,0.359,24,29,0.828,28,214,242,65,59,44,44,97,312,503,1.48,1.34,"$12,138,345"
170,1629631,171,De'Andre Hunter,ATL,18,579,108,210,0.514,30,82,0.366,64,73,0.877,16,81,97,40,17,9,25,47,310,337,1.6,0.68,"$7,422,000"
171,1630217,172,Desmond Bane,MEM,32,732,113,236,0.479,55,125,0.44,24,27,0.889,13,77,90,40,22,4,33,63,305,302,1.21,0.67,"$1,936,440"
172,201577,172,Robin Lopez,WAS,38,763,120,204,0.588,4,14,0.286,61,86,0.709,83,76,159,35,11,21,42,72,305,380,0.83,0.26,"$7,300,000"
173,203500,174,Steven Adams,NOP,37,1012,131,209,0.627,0,2,0.0,39,85,0.459,148,188,336,75,33,20,57,70,301,584,1.32,0.58,"$29,592,695"
174,1629676,175,Isaiah Roby,OKC,34,751,115,216,0.532,20,57,0.351,48,66,0.727,51,132,183,60,29,22,54,91,298,419,1.11,0.54,"$1,517,981"
175,202066,176,Garrett Temple,CHI,35,977,110,259,0.425,46,134,0.343,31,38,0.816,20,90,110,69,32,18,35,81,297,335,1.97,0.91,"$4,767,000"
176,1628971,177,Bruce Brown,BKN,36,741,124,219,0.566,9,35,0.257,39,55,0.709,54,107,161,49,26,10,28,74,296,403,1.75,0.93,"$1,663,861"
177,1629013,178,Landry Shamet,BKN,36,728,95,239,0.397,68,178,0.382,35,41,0.854,6,59,65,42,15,5,27,47,293,243,1.56,0.56,"$2,090,040"
178,200794,178,Paul Millsap,DEN,29,690,108,212,0.509,34,87,0.391,43,63,0.683,45,107,152,47,24,18,28,62,293,382,1.68,0.86,"$10,000,000"
179,1629629,180,Cam Reddish,ATL,26,750,96,263,0.365,33,126,0.262,67,82,0.817,22,82,104,35,33,9,34,68,292,257,1.03,0.97,"$4,458,000"
180,1626220,180,Royce O'Neale,UTA,39,1269,100,226,0.442,67,163,0.411,25,30,0.833,47,214,261,104,33,21,46,112,292,534,2.26,0.72,"$8,500,000"
181,200746,182,LaMarcus Aldridge,SAS,21,544,115,248,0.464,27,75,0.36,31,37,0.838,17,77,94,36,8,18,20,36,288,285,1.8,0.4,"$24,000,000"
182,1626145,182,Tyus Jones,MEM,36,749,121,271,0.446,27,89,0.303,19,22,0.864,15,70,85,154,42,4,31,17,288,389,4.97,1.36,"$8,817,143"
183,202684,184,Tristan Thompson,BOS,36,811,119,223,0.534,0,3,0.0,48,80,0.6,113,189,302,36,13,13,35,75,286,479,1.03,0.37,"$9,258,000"
184,201599,185,DeAndre Jordan,BKN,38,885,127,167,0.76,0,1,0.0,31,62,0.5,70,219,289,69,12,53,62,85,285,575,1.11,0.19,"$10,375,678"
185,1629014,186,Anfernee Simons,POR,35,585,96,241,0.398,69,169,0.408,23,28,0.821,8,75,83,50,8,5,28,61,284,252,1.79,0.29,"$2,252,040"
186,1627884,187,Derrick Jones Jr.,POR,35,922,103,202,0.51,30,87,0.345,44,67,0.657,59,97,156,30,26,35,25,86,280,380,1.2,1.04,
187,1628988,188,Aaron Holiday,IND,38,709,103,272,0.379,39,113,0.345,33,44,0.75,8,40,48,70,24,5,30,66,278,215,2.33,0.8,"$2,345,640"
188,1629659,188,Talen Horton-Tucker,LAL,36,647,109,239,0.456,18,67,0.269,42,50,0.84,11,82,93,80,29,19,46,75,278,315,1.74,0.63,"$1,517,981"
189,1629638,190,Nickeil Alexander-Walker,NOP,32,573,104,250,0.416,38,116,0.328,31,38,0.816,6,78,84,61,30,11,40,52,277,270,1.53,0.75,"$3,113,160"
190,1628021,191,David Nwaba,HOU,30,679,106,217,0.488,17,63,0.27,47,68,0.691,40,78,118,31,30,21,17,60,276,327,1.82,1.77,"$1,824,003"
191,1628379,191,Luke Kennard,LAC,36,715,104,221,0.471,55,121,0.455,13,15,0.867,9,85,94,64,14,6,29,55,276,306,2.21,0.48,"$5,273,826"
192,1630175,193,Cole Anthony,ORL,25,667,101,269,0.375,27,83,0.325,46,55,0.836,20,91,111,94,17,11,51,51,275,280,1.84,0.33,"$3,285,120"
193,1628425,193,Sterling Brown,HOU,36,847,100,232,0.431,59,150,0.393,16,18,0.889,27,132,159,59,35,9,29,74,275,374,2.03,1.21,"$1,678,854"
194,203932,195,Aaron Gordon,ORL,20,566,94,221,0.425,31,85,0.365,52,83,0.627,33,106,139,80,14,17,53,41,271,310,1.51,0.26,"$18,136,364"
195,200755,196,JJ Redick,NOP,31,577,87,214,0.407,51,140,0.364,45,47,0.957,3,49,52,40,9,2,25,37,270,219,1.6,0.36,"$13,013,700"
196,1629669,196,Jaylen Nowell,MIN,26,476,99,216,0.458,39,97,0.402,33,39,0.846,14,46,60,36,12,7,18,49,270,244,2.0,0.67,"$1,517,981"
197,1629026,196,Kenrich Williams,OKC,40,776,114,199,0.573,24,56,0.429,18,33,0.545,50,109,159,70,29,7,37,70,270,398,1.89,0.78,"$2,000,000"
198,1630177,196,Theo Maledon,OKC,34,893,97,244,0.398,52,141,0.369,24,34,0.706,8,96,104,117,31,2,66,80,270,301,1.77,0.47,"$2,000,000"
199,1630171,200,Isaac Okoro,CLE,34,1114,101,247,0.409,30,101,0.297,36,53,0.679,33,58,91,61,36,17,48,102,268,262,1.27,0.75,"$6,400,920"
200,1630178,201,Tyrese Maxey,PHI,35,538,114,253,0.451,15,56,0.268,23,27,0.852,8,53,61,60,15,6,23,40,266,242,2.61,0.65,"$2,478,840"
201,203504,202,Trey Burke,DAL,37,583,97,220,0.441,43,112,0.384,27,31,0.871,4,30,34,57,22,2,20,44,264,232,2.85,1.1,"$3,000,000"
202,1627788,203,Furkan Korkmaz,PHI,29,554,90,224,0.402,49,134,0.366,34,43,0.791,9,60,69,30,22,4,28,34,263,217,1.07,0.79,"$1,762,796"
203,2730,204,Dwight Howard,PHI,40,664,99,168,0.589,4,14,0.286,60,111,0.541,100,206,306,30,17,38,68,120,262,465,0.44,0.25,"$2,564,753"
204,1627756,205,Denzel Valentine,CHI,34,644,101,266,0.38,53,154,0.344,6,6,1.0,14,123,137,58,24,1,20,39,261,296,2.9,1.2,"$4,642,800"
205,203526,206,Raul Neto,WAS,33,683,98,226,0.434,33,87,0.379,30,36,0.833,14,60,74,73,37,3,26,47,259,286,2.81,1.42,"$1,882,867"
206,202709,207,Cory Joseph,SAC,39,822,100,221,0.452,27,85,0.318,30,39,0.769,23,66,89,93,31,7,40,89,257,307,2.33,0.78,"$12,600,000"
207,1627747,208,Caris LeVert,IND,14,390,98,225,0.436,25,73,0.342,31,40,0.775,12,49,61,76,16,6,31,22,252,244,2.45,0.52,"$16,203,704"
208,203935,209,Marcus Smart,BOS,20,614,82,207,0.396,33,103,0.32,54,71,0.761,11,42,53,109,32,10,32,48,251,281,3.41,1.0,"$12,946,428"
209,203210,210,JaMychal Green,DEN,27,547,88,196,0.449,46,105,0.438,27,32,0.844,44,114,158,25,15,8,27,72,249,315,0.93,0.56,"$7,199,760"
210,1629004,210,Svi Mykhailiuk,OKC,36,634,84,223,0.377,57,171,0.333,24,30,0.8,11,63,74,57,27,6,39,33,249,229,1.46,0.69,
211,201933,212,Blake Griffin,BKN,20,626,81,222,0.365,39,124,0.315,44,62,0.71,7,97,104,77,14,2,32,42,245,251,2.41,0.44,"$33,900,241"
212,1627789,212,Timothe Luwawu-Cabarrot,BKN,35,670,86,222,0.387,53,147,0.361,20,26,0.769,18,62,80,43,24,5,25,63,245,230,1.72,0.96,
213,1627814,214,Damion Lee,GSW,39,730,81,184,0.44,53,141,0.376,28,31,0.903,15,113,128,56,25,4,17,56,243,333,3.29,1.47,"$1,762,796"
214,1627751,215,Jakob Poeltl,SAS,36,861,111,183,0.607,0,0,0.0,20,54,0.37,109,156,265,68,22,56,44,78,242,503,1.55,0.5,"$8,101,852"
215,1630202,215,Payton Pritchard,BOS,33,680,90,199,0.452,45,110,0.409,17,18,0.944,16,54,70,75,18,5,35,63,242,265,2.14,0.51,"$2,035,800"
216,1627752,215,Taurean Prince,CLE,29,620,79,208,0.38,39,101,0.386,45,53,0.849,15,89,104,50,19,19,31,53,242,266,1.61,0.61,"$12,250,000"
217,202326,218,DeMarcus Cousins,HOU,25,506,79,210,0.376,39,116,0.336,44,59,0.746,30,161,191,60,21,18,39,74,241,346,1.54,0.54,"$2,331,593"
218,201976,218,Patrick Beverley,LAC,29,689,80,181,0.442,50,119,0.42,31,39,0.795,27,80,107,60,25,23,27,91,241,320,2.22,0.93,"$13,333,333"
219,203087,220,Jeremy Lamb,IND,22,502,78,168,0.464,34,78,0.436,50,53,0.943,15,65,80,34,18,11,16,45,240,274,2.13,1.13,"$10,500,000"
220,203145,221,Kent Bazemore,GSW,38,628,86,188,0.457,40,98,0.408,26,36,0.722,14,94,108,58,31,19,42,81,238,300,1.38,0.74,"$2,320,044"
221,1627827,222,Dorian Finney-Smith,DAL,29,908,87,208,0.418,48,139,0.345,15,17,0.882,41,113,154,41,27,12,18,75,237,330,2.28,1.5,"$4,000,000"
222,1629001,223,De'Anthony Melton,MEM,24,487,91,193,0.472,38,92,0.413,16,22,0.727,13,58,71,70,32,15,28,41,236,288,2.5,1.14,"$9,571,712"
223,201580,223,JaVale McGee,CLE,30,459,101,198,0.51,5,19,0.263,29,47,0.617,47,104,151,29,15,37,39,78,236,314,0.74,0.39,"$4,200,000"
224,1629057,225,Robert Williams III,BOS,32,525,103,143,0.72,0,1,0.0,27,42,0.643,74,122,196,37,28,53,32,58,233,460,1.16,0.88,
225,1626192,226,Pat Connaughton,MIL,36,772,84,190,0.442,50,128,0.391,14,17,0.824,33,115,148,48,25,15,14,59,232,345,3.43,1.79,"$4,938,273"
226,1629056,226,Terence Davis,TOR,33,488,86,208,0.413,44,121,0.364,16,18,0.889,9,56,65,36,17,7,27,48,232,206,1.33,0.63,"$1,517,981"
227,1629020,228,Jarred Vanderbilt,MIN,38,723,94,153,0.614,1,2,0.5,42,72,0.583,68,156,224,56,40,28,41,81,231,449,1.37,0.98,"$1,663,861"
228,203967,229,Dario Saric,PHX,20,378,83,168,0.494,27,70,0.386,37,41,0.902,16,68,84,27,14,3,27,46,230,242,1.0,0.52,"$9,250,000"
229,1628960,230,Grayson Allen,MEM,24,574,71,172,0.413,48,118,0.407,39,43,0.907,8,59,67,54,25,3,23,31,229,250,2.35,1.09,"$2,545,320"
230,203382,231,Aron Baynes,TOR,36,709,95,226,0.42,20,77,0.26,18,24,0.75,64,138,202,36,11,15,32,84,228,323,1.13,0.34,"$7,000,000"
231,1629011,231,Mitchell Robinson,NYK,27,778,103,156,0.66,0,0,0.0,22,46,0.478,97,129,226,14,32,41,22,78,228,442,0.64,1.46,"$1,663,861"
232,201571,233,D.J. Augustin,MIL,37,713,71,192,0.37,49,129,0.38,36,40,0.9,11,39,50,110,20,1,34,33,227,249,3.24,0.59,
233,204456,233,T.J. McConnell,IND,35,877,106,204,0.52,6,19,0.316,9,19,0.474,25,103,128,222,66,13,64,57,227,484,3.47,1.03,
234,202324,235,Derrick Favors,UTA,37,596,90,138,0.652,0,1,0.0,45,57,0.789,74,126,200,30,20,33,22,88,225,426,1.36,0.91,"$9,258,000"
235,1629726,236,Garrison Mathews,WAS,32,543,61,147,0.415,47,118,0.398,53,57,0.93,12,44,56,15,21,6,4,52,222,226,3.75,5.25,"$449,115"
236,1630173,237,Precious Achiuwa,MIA,38,510,87,149,0.584,0,0,0.0,44,83,0.53,48,97,145,20,15,19,34,62,218,282,0.59,0.44,"$2,582,160"
237,1630166,238,Deni Avdija,WAS,34,765,84,190,0.442,36,105,0.343,11,19,0.579,14,147,161,44,22,7,27,90,215,308,1.63,0.82,"$4,469,160"
238,1630191,239,Isaiah Stewart,DET,37,693,93,164,0.567,2,7,0.286,23,34,0.676,88,129,217,28,21,38,33,93,211,400,0.85,0.64,"$3,121,080"
239,203920,240,Khem Birch,ORL,38,761,77,163,0.472,4,16,0.25,51,69,0.739,96,107,203,39,22,26,21,56,209,374,1.86,1.05,"$3,000,000"
240,203490,241,Otto Porter Jr.,CHI,20,442,73,172,0.424,31,82,0.378,31,37,0.838,24,93,117,41,11,3,19,29,208,256,2.16,0.58,
241,1628422,242,Damyean Dotson,CLE,31,581,79,201,0.393,29,106,0.274,20,28,0.714,4,54,58,68,13,4,25,28,207,195,2.72,0.52,"$2,000,000"
242,1627777,243,Georges Niang,UTA,39,521,77,180,0.428,47,126,0.373,5,5,1.0,13,71,84,27,13,4,23,56,206,208,1.17,0.57,"$1,783,557"
243,1626163,244,Frank Kaminsky,PHX,30,462,80,171,0.468,26,63,0.413,19,31,0.613,22,93,115,50,9,12,14,40,205,274,3.57,0.64,"$1,737,145"
244,1626204,244,Larry Nance Jr.,CLE,22,727,81,170,0.476,27,74,0.365,16,27,0.593,32,114,146,67,39,12,35,45,205,334,1.91,1.11,
245,1630214,246,Xavier Tillman,MEM,31,606,87,169,0.515,10,36,0.278,20,27,0.741,41,93,134,48,27,17,27,72,204,314,1.78,1.0,"$1,300,000"
246,203469,247,Cody Zeller,CHA,21,489,83,164,0.506,3,19,0.158,33,43,0.767,55,104,159,52,13,11,23,51,202,323,2.26,0.57,"$15,415,730"
247,203110,247,Draymond Green,GSW,34,1008,76,194,0.392,17,68,0.25,33,44,0.75,24,185,209,287,51,24,92,106,202,552,3.12,0.55,"$22,246,956"
248,1627863,249,Danuel House Jr.,HOU,22,602,69,184,0.375,34,109,0.312,28,37,0.757,16,71,87,42,14,12,21,43,200,210,2.0,0.67,
249,203107,250,Tomas Satoransky,CHI,27,573,71,137,0.518,22,51,0.431,34,37,0.919,11,59,70,123,16,6,43,34,198,301,2.86,0.37,"$10,000,000"
250,202687,251,Bismack Biyombo,CHA,36,790,83,150,0.553,0,1,0.0,30,64,0.469,78,124,202,50,11,42,34,86,196,366,1.47,0.32,"$3,500,000"
251,1628400,251,Semi Ojeleye,BOS,36,687,66,157,0.42,44,113,0.389,20,28,0.714,22,80,102,29,11,0,16,42,196,223,1.81,0.69,"$1,752,950"
252,1626166,253,Cameron Payne,PHX,27,454,73,145,0.503,30,65,0.462,18,20,0.9,4,47,51,97,16,6,28,47,194,262,3.46,0.57,"$1,977,011"
253,202693,254,Markieff Morris,LAL,34,593,67,163,0.411,33,97,0.34,26,37,0.703,27,109,136,34,8,9,23,56,193,250,1.48,0.35,"$2,331,593"
254,1628467,255,Maxi Kleber,DAL,26,698,60,134,0.448,47,102,0.461,24,25,0.96,27,113,140,36,13,21,16,60,191,310,2.25,0.81,"$8,325,000"
255,202355,256,Hassan Whiteside,SAC,23,335,80,138,0.58,0,1,0.0,30,55,0.545,36,96,132,11,6,30,24,42,190,262,0.46,0.25,"$2,320,044"
256,201952,257,Jeff Teague,BOS,31,546,61,164,0.372,21,50,0.42,45,52,0.865,8,46,54,64,24,6,33,37,188,193,1.94,0.73,"$2,564,753"
257,1626161,257,Willie Cauley-Stein,DAL,34,587,78,125,0.624,1,7,0.143,31,48,0.646,40,108,148,26,11,26,16,78,188,319,1.63,0.69,"$4,100,000"
258,1628382,259,Justin Jackson,OKC,28,465,69,171,0.404,26,89,0.292,21,26,0.808,12,53,65,41,12,2,28,27,185,170,1.46,0.43,"$5,029,650"
259,203914,260,Gary Harris,DEN,19,581,69,156,0.442,24,75,0.32,22,30,0.733,13,34,47,32,17,4,14,37,184,175,2.29,1.21,"$19,610,714"
260,1630183,260,Jaden McDaniels,MIN,33,644,69,163,0.423,34,91,0.374,12,24,0.5,20,89,109,32,14,33,24,79,184,242,1.33,0.58,"$1,964,760"
261,203487,260,Michael Carter-Williams,ORL,20,534,71,176,0.403,9,36,0.25,33,45,0.733,31,62,93,87,11,9,48,57,184,219,1.81,0.23,"$3,300,000"
262,2738,263,Andre Iguodala,MIA,38,816,61,158,0.386,42,122,0.344,16,27,0.593,21,118,139,80,38,17,38,52,180,308,2.11,1.0,"$15,000,000"
263,1629611,264,Terance Mann,LAC,38,606,65,138,0.471,15,38,0.395,34,42,0.81,31,92,123,48,17,9,23,62,179,272,2.09,0.74,"$1,517,981"
264,203463,265,Ben McLemore,HOU,27,435,61,177,0.345,39,126,0.31,17,24,0.708,11,50,61,25,17,2,25,41,178,135,1.0,0.68,"$2,283,034"
265,202954,265,Brad Wanamaker,GSW,37,599,58,162,0.358,13,56,0.232,49,55,0.891,8,54,62,99,26,6,35,51,178,226,2.83,0.74,"$2,250,000"
266,1627774,265,Jake Layman,MIN,28,460,68,137,0.496,19,60,0.317,23,30,0.767,10,37,47,20,22,14,20,33,178,185,1.0,1.1,"$3,761,085"
267,202357,265,Nemanja Bjelica,SAC,22,389,65,136,0.478,16,50,0.32,32,42,0.762,23,66,89,46,7,2,25,43,178,216,1.84,0.28,"$7,150,000"
268,1628408,269,PJ Dozier,DEN,24,478,64,145,0.441,23,59,0.39,25,40,0.625,19,74,93,40,12,14,20,39,176,219,2.0,0.6,"$1,762,796"
269,203516,270,James Ennis III,ORL,24,514,60,120,0.5,21,47,0.447,33,42,0.786,26,67,93,32,20,6,21,53,174,235,1.52,0.95,
270,1630267,271,Facundo Campazzo,DEN,33,556,54,138,0.391,35,94,0.372,30,37,0.811,6,32,38,78,31,7,28,63,173,208,2.79,1.11,"$3,200,000"
271,203476,271,Gorgui Dieng,MEM,22,371,56,108,0.519,23,48,0.479,38,43,0.884,28,70,98,29,17,14,22,38,173,252,1.32,0.77,"$17,287,640"
272,1627936,273,Alex Caruso,LAL,30,584,63,146,0.432,28,70,0.4,18,25,0.72,17,65,82,71,30,6,32,51,172,239,2.22,0.94,"$2,750,000"
273,203918,274,Rodney Hood,POR,34,653,69,185,0.373,22,75,0.293,9,12,0.75,10,45,55,39,19,4,27,50,169,140,1.44,0.7,"$10,047,450"
274,201188,275,Marc Gasol,LAL,35,703,54,134,0.403,31,85,0.365,29,36,0.806,25,118,143,69,17,45,30,82,168,325,2.3,0.57,"$2,564,753"
275,203457,275,Nerlens Noel,NYK,36,801,73,119,0.613,0,2,0.0,22,33,0.667,77,139,216,22,34,73,41,88,168,415,0.54,0.83,"$5,000,000"
276,1629021,277,Moritz Wagner,WAS,24,352,59,118,0.5,12,40,0.3,37,48,0.771,13,59,72,29,21,8,20,58,167,207,1.45,1.05,"$2,161,920"
277,201949,278,James Johnson,DAL,29,504,67,145,0.462,15,60,0.25,17,29,0.586,14,72,86,50,24,23,27,59,166,232,1.85,0.89,"$16,047,100"
278,201588,279,George Hill,OKC,14,369,61,120,0.508,22,57,0.386,21,25,0.84,8,21,29,43,12,2,12,12,165,176,3.58,1.0,"$9,590,602"
279,203524,279,Solomon Hill,ATL,40,771,55,157,0.35,37,116,0.319,18,21,0.857,20,72,92,37,28,6,22,67,165,201,1.68,1.27,"$2,174,318"
280,1630170,281,Devin Vassell,SAS,29,502,58,140,0.414,30,71,0.423,18,21,0.857,17,73,90,33,30,9,13,42,164,228,2.54,2.31,"$4,033,440"
281,1629006,282,Josh Okogie,MIN,33,642,50,145,0.345,13,60,0.217,48,59,0.814,31,55,86,41,26,14,23,67,161,199,1.78,1.13,"$2,651,040"
282,203458,283,Alex Len,WAS,30,411,62,99,0.626,6,20,0.3,30,53,0.566,19,72,91,27,9,34,26,50,160,235,1.04,0.35,"$3,970,648"
283,1629684,284,Grant Williams,BOS,31,559,57,123,0.463,27,65,0.415,16,31,0.516,30,59,89,27,14,13,27,80,157,192,1.0,0.52,"$2,498,760"
284,1629637,285,Jaxson Hayes,NOP,29,385,64,87,0.736,0,0,0.0,28,39,0.718,35,67,102,13,10,16,17,54,156,246,0.77,0.59,"$5,105,160"
285,1629673,286,Jordan Poole,GSW,19,232,52,108,0.481,24,65,0.369,27,30,0.9,2,24,26,22,4,3,10,19,155,141,2.2,0.4,"$2,063,280"
286,203085,287,Austin Rivers,NYK,21,442,58,135,0.43,28,77,0.364,10,14,0.714,5,42,47,42,12,0,22,32,154,152,1.91,0.55,"$3,500,000"
287,1629685,288,Dylan Windler,CLE,25,456,53,118,0.449,25,70,0.357,21,26,0.808,20,79,99,30,16,11,23,31,152,215,1.3,0.7,"$2,137,440"
288,1626195,289,Willy Hernangomez,NOP,24,378,63,121,0.521,1,7,0.143,24,38,0.632,59,89,148,28,7,11,11,28,151,262,2.55,0.64,"$1,737,145"
289,1629216,290,Gabe Vincent,MIA,26,375,52,143,0.364,23,89,0.258,19,21,0.905,3,24,27,31,12,2,20,46,146,105,1.55,0.6,"$449,115"
290,1630222,290,Mason Jones,HOU,25,284,46,106,0.434,23,62,0.371,31,49,0.633,4,43,47,36,6,0,28,22,146,129,1.29,0.21,"$298,411"
291,203503,290,Tony Snell,ATL,27,525,51,102,0.5,42,74,0.568,2,2,1.0,11,50,61,38,3,7,13,39,146,191,2.92,0.23,"$12,178,571"
292,1628997,293,Caleb Martin,CHA,27,402,56,135,0.415,19,58,0.328,14,26,0.538,20,53,73,30,21,7,18,28,145,167,1.67,1.17,"$1,517,981"
293,1628401,294,Derrick White,SAS,12,290,50,126,0.397,21,63,0.333,22,28,0.786,2,22,24,40,10,13,16,30,143,132,2.5,0.63,"$3,516,284"
294,1628418,294,Thomas Bryant,WAS,10,271,59,91,0.648,9,21,0.429,16,24,0.667,18,43,61,15,4,8,11,31,143,180,1.36,0.36,"$8,333,333"
295,1630167,296,Obi Toppin,NYK,31,381,58,118,0.492,14,46,0.304,11,15,0.733,16,61,77,16,8,10,19,33,141,169,0.84,0.42,"$4,862,040"
296,200782,296,P.J. Tucker,HOU,32,959,48,131,0.366,27,86,0.314,18,23,0.783,33,115,148,45,29,18,33,91,141,260,1.36,0.88,
297,1627846,298,Abdel Nader,PHX,21,314,50,101,0.495,15,37,0.405,25,30,0.833,4,48,52,17,10,7,14,26,140,156,1.21,0.71,"$1,752,950"
298,1627761,298,DeAndre' Bembry,TOR,30,521,58,109,0.532,9,27,0.333,15,22,0.682,15,53,68,58,21,10,33,48,140,206,1.76,0.64,
299,1628539,298,Mychal Mulder,GSW,34,361,47,108,0.435,38,93,0.409,8,15,0.533,1,30,31,15,8,7,8,27,140,125,1.88,1.0,"$1,517,981"
300,1628995,301,Kevin Knox II,NYK,28,402,49,123,0.398,30,75,0.4,11,14,0.786,9,41,50,17,8,6,16,33,139,127,1.06,0.5,
301,1630184,301,Kira Lewis Jr.,NOP,25,354,55,141,0.39,16,48,0.333,13,20,0.65,4,21,25,48,19,2,13,32,139,127,3.69,1.46,
302,1629635,301,Sekou Doumbouya,DET,35,461,51,146,0.349,16,64,0.25,21,28,0.75,16,61,77,22,14,2,19,51,139,133,1.16,0.74,"$3,449,400"
303,202083,301,Wesley Matthews,LAL,33,676,46,131,0.351,34,103,0.33,13,16,0.813,12,34,46,35,16,12,16,50,139,144,2.19,1.0,"$3,623,000"
304,1629633,305,Jarrett Culver,MIN,19,376,54,128,0.422,8,35,0.229,21,35,0.6,30,60,90,16,12,7,23,40,137,151,0.7,0.52,"$6,104,280"
305,1629680,305,Matisse Thybulle,PHI,37,680,53,125,0.424,23,73,0.315,8,14,0.571,18,41,59,36,58,35,15,78,137,232,2.4,3.87,"$2,711,280"
306,1629622,307,Max Strus,MIA,19,283,47,103,0.456,31,85,0.365,10,14,0.714,2,18,20,10,3,0,3,24,135,105,3.33,1.0,"$449,115"
307,1629308,308,Juan Toscano-Anderson,GSW,26,508,53,96,0.552,15,37,0.405,13,18,0.722,16,89,105,56,13,13,27,53,134,246,2.07,0.48,"$449,115"
308,1629655,309,Daniel Gafford,CHI,28,356,53,79,0.671,0,0,0.0,26,39,0.667,37,49,86,17,11,32,20,51,132,219,0.85,0.55,"$1,517,981"
309,1629162,310,Jordan McLaughlin,MIN,24,467,53,141,0.376,16,46,0.348,8,10,0.8,13,43,56,113,24,4,26,24,130,211,4.35,0.92,"$449,115"
310,203992,311,Bogdan Bogdanovic,ATL,15,333,45,126,0.357,26,85,0.306,12,13,0.923,5,46,51,33,6,2,17,29,128,121,1.94,0.35,"$18,000,000"
311,1627823,312,Juancho Hernangomez,MIN,21,343,46,112,0.411,19,63,0.302,15,23,0.652,17,74,91,13,7,2,9,19,126,156,1.44,0.78,
312,1629642,313,Nassir Little,POR,24,319,41,87,0.471,18,46,0.391,24,28,0.857,19,42,61,10,3,8,11,27,124,145,0.91,0.27,"$2,210,640"
313,1628410,314,Edmond Sumner,IND,25,292,45,91,0.495,11,31,0.355,22,29,0.759,8,26,34,10,14,2,21,31,123,109,0.48,0.67,"$2,160,000"
314,203922,315,Glenn Robinson III,SAC,23,369,42,99,0.424,16,44,0.364,21,23,0.913,11,34,45,20,4,3,11,23,121,123,1.82,0.36,"$1,165,322"
315,204038,316,Langston Galloway,PHX,26,283,41,86,0.477,21,47,0.447,16,16,1.0,4,24,28,18,4,0,7,14,119,117,2.57,0.57,"$2,028,594"
316,203994,317,Jusuf Nurkic,POR,12,280,50,103,0.485,3,12,0.25,15,27,0.556,23,69,92,33,11,11,23,33,118,177,1.44,0.48,"$12,888,889"
317,1629109,318,Gary Clark,ORL,33,625,39,129,0.302,30,107,0.28,8,10,0.8,33,77,110,30,12,6,17,33,116,165,1.77,0.71,"$2,000,000"
318,1628372,319,Dennis Smith Jr.,DET,16,296,44,116,0.379,16,49,0.327,11,14,0.786,11,32,43,51,18,10,17,25,115,145,3.0,1.06,
319,1630240,320,Saben Lee,DET,18,279,42,81,0.519,4,7,0.571,26,41,0.634,8,24,32,47,12,5,16,29,114,140,2.94,0.75,"$449,115"
320,203939,321,Dwight Powell,DAL,25,377,33,73,0.452,1,9,0.111,46,61,0.754,27,60,87,20,14,8,17,60,113,170,1.18,0.82,"$11,080,125"
321,1626168,322,Trey Lyles,SAS,22,345,42,87,0.483,14,38,0.368,13,21,0.619,9,75,84,13,5,1,4,11,111,157,3.25,1.25,"$5,500,000"
322,1626172,323,Kevon Looney,GSW,30,437,44,78,0.564,2,6,0.333,20,25,0.8,49,73,122,47,11,8,19,58,110,240,2.47,0.58,"$4,821,429"
323,1626169,324,Stanley Johnson,TOR,35,497,37,93,0.398,24,60,0.4,11,14,0.786,16,62,78,44,25,10,24,56,109,183,1.83,1.04,"$3,804,150"
324,1629643,325,Chuma Okeke,ORL,23,511,39,105,0.371,20,56,0.357,8,13,0.615,22,59,81,45,18,9,16,24,106,172,2.81,1.13,"$3,121,080"
325,1629750,326,Javonte Green,BOS,23,337,39,71,0.549,7,22,0.318,20,30,0.667,20,32,52,10,18,2,12,29,105,133,0.83,1.5,"$1,517,981"
326,1629164,327,Brandon Goodwin,ATL,26,294,36,108,0.333,15,53,0.283,17,24,0.708,3,24,27,43,10,0,14,23,104,91,3.07,0.71,"$1,701,593"
327,1629731,327,Dean Wade,CLE,31,367,36,89,0.404,24,64,0.375,8,13,0.615,15,50,65,21,6,9,13,25,104,134,1.62,0.46,"$1,517,981"
328,1630205,329,Lamar Stevens,CLE,26,354,39,96,0.406,2,17,0.118,23,34,0.676,12,51,63,23,11,8,15,36,103,125,1.53,0.73,"$449,115"
329,1628365,329,Markelle Fultz,ORL,8,215,41,104,0.394,4,16,0.25,17,19,0.895,5,20,25,43,8,2,18,18,103,98,2.39,0.44,"$12,288,697"
330,202734,331,E'Twaun Moore,PHX,24,348,43,102,0.422,8,29,0.276,8,10,0.8,13,29,42,35,14,4,18,31,102,118,1.94,0.78,"$2,331,593"
331,1630197,332,Aleksej Pokusevski,OKC,21,424,38,137,0.277,17,78,0.218,8,8,1.0,13,80,93,31,9,22,30,22,101,127,1.03,0.3,"$2,964,840"
332,1628392,333,Isaiah Hartenstein,DEN,28,258,40,78,0.513,0,0,0.0,20,34,0.588,38,40,78,14,11,17,19,54,100,149,0.74,0.58,"$1,620,564"
333,202397,334,Ish Smith,WAS,19,391,44,116,0.379,5,20,0.25,6,15,0.4,10,56,66,90,15,4,19,18,99,174,4.74,0.79,
334,204020,334,Tyler Johnson,BKN,21,299,33,82,0.402,26,60,0.433,7,7,1.0,4,30,34,21,6,0,5,16,99,106,4.2,1.2,"$2,028,594"
335,1628998,336,Cody Martin,CHA,26,307,40,74,0.541,6,24,0.25,9,11,0.818,22,39,61,27,12,4,15,18,95,148,1.8,0.8,"$1,517,981"
336,1628964,337,Mo Bamba,ORL,20,203,39,80,0.488,8,28,0.286,8,14,0.571,22,59,81,5,3,18,8,27,94,146,0.63,0.38,"$5,969,040"
337,200765,337,Rajon Rondo,ATL,24,358,38,95,0.4,17,42,0.405,1,2,0.5,4,45,49,85,16,2,36,19,94,152,2.36,0.44,"$7,500,000"
338,1630198,339,Isaiah Joe,PHI,21,247,31,84,0.369,24,64,0.375,5,5,1.0,6,18,24,15,7,4,5,21,91,83,3.0,1.4,"$898,310"
339,1628975,340,Jevon Carter,PHX,31,312,34,92,0.37,20,62,0.323,2,2,1.0,3,36,39,37,13,7,6,32,90,122,6.17,2.17,"$3,925,000"
340,203118,340,Mike Scott,PHI,21,362,32,78,0.41,22,58,0.379,4,7,0.571,5,52,57,9,9,2,12,21,90,106,0.75,0.75,"$5,005,350"
341,1626246,342,Boban Marjanovic,DAL,19,146,37,75,0.493,0,4,0.0,12,16,0.75,29,47,76,3,1,2,8,16,86,118,0.38,0.13,"$3,500,000"
342,1629234,342,Drew Eubanks,SAS,19,248,33,74,0.446,0,0,0.0,20,28,0.714,13,53,66,17,3,22,14,27,86,131,1.21,0.21,"$1,620,564"
343,202340,344,Avery Bradley,MIA,10,211,31,66,0.47,16,38,0.421,7,9,0.778,2,16,18,14,7,1,9,26,85,79,1.56,0.78,"$5,635,000"
344,203585,345,Rodney McGruder,DET,15,178,34,67,0.507,10,23,0.435,6,8,0.75,8,13,21,15,7,1,7,11,84,86,2.14,1.0,"$5,192,307"
345,1630192,345,Zeke Nnaji,DEN,25,254,32,62,0.516,15,36,0.417,5,7,0.714,11,25,36,4,3,2,5,16,84,92,0.8,0.6,"$2,379,840"
346,1629035,347,Carsen Edwards,BOS,15,159,32,69,0.464,11,36,0.306,7,9,0.778,2,16,18,9,5,1,2,18,82,74,4.5,2.5,"$1,517,981"
347,1629723,347,John Konchar,MEM,20,314,29,67,0.433,8,24,0.333,16,18,0.889,18,50,68,23,18,5,8,26,82,148,2.88,2.25,"$2,100,000"
348,1628972,347,Troy Brown Jr.,WAS,20,271,30,84,0.357,12,44,0.273,10,15,0.667,11,49,60,18,3,4,16,28,82,92,1.13,0.19,
349,1626159,350,Justise Winslow,MEM,9,201,34,92,0.37,4,21,0.19,7,12,0.583,8,41,49,19,5,6,14,23,79,81,1.36,0.36,"$13,000,000"
350,1630231,350,Kenyon Martin Jr.,HOU,11,194,31,67,0.463,4,13,0.308,13,20,0.65,23,24,47,10,7,12,12,14,79,100,0.83,0.58,
351,1630174,352,Aaron Nesmith,BOS,19,290,26,66,0.394,18,50,0.36,8,12,0.667,10,34,44,8,4,5,11,37,78,84,0.73,0.36,"$3,458,400"
352,1629667,353,Jalen McDaniels,CHA,18,218,29,67,0.433,6,23,0.261,13,19,0.684,8,38,46,9,2,5,17,31,77,78,0.53,0.12,"$1,517,981"
353,1629660,354,Ty Jerome,OKC,8,214,29,67,0.433,14,39,0.359,2,4,0.5,6,23,29,27,6,2,6,21,74,92,4.5,1.0,"$2,303,040"
354,1629645,355,Kevin Porter Jr.,HOU,4,138,29,69,0.42,6,30,0.2,9,12,0.75,1,13,14,33,6,5,13,10,73,75,2.54,0.46,
355,1629599,356,Amir Coffey,LAC,23,177,25,51,0.49,14,29,0.483,7,13,0.538,5,12,17,11,5,0,9,11,71,63,1.22,0.56,"$449,115"
356,1629650,356,Moses Brown,OKC,11,131,28,45,0.622,0,0,0.0,15,24,0.625,21,35,56,4,3,12,5,22,71,115,0.8,0.6,"$449,115"
357,1628396,356,Tony Bradley,PHI,16,195,34,54,0.63,0,1,0.0,3,5,0.6,29,44,73,12,3,10,2,18,71,145,6.0,1.5,"$3,542,060"
358,1629048,359,Goga Bitadze,IND,19,170,26,55,0.473,3,19,0.158,13,16,0.813,14,23,37,5,5,18,8,27,68,93,0.63,0.63,"$2,957,520"
359,1628385,359,Harry Giles III,POR,22,260,26,62,0.419,3,8,0.375,13,18,0.722,25,83,108,20,5,9,16,44,68,153,1.25,0.31,
360,1629010,359,Jerome Robinson,WAS,13,221,22,67,0.328,9,31,0.29,15,17,0.882,2,31,33,18,6,2,11,21,68,69,1.64,0.55,"$3,737,520"
361,1629651,359,Nicolas Claxton,BKN,8,127,28,41,0.683,0,2,0.0,12,19,0.632,5,23,28,8,7,12,5,15,68,98,1.6,1.4,"$1,517,981"
362,201959,359,Taj Gibson,NYK,16,274,27,47,0.574,3,12,0.25,11,16,0.688,22,49,71,8,9,7,9,30,68,129,0.89,1.0,"$3,283,684"
363,1627853,364,Ryan Arcidiacono,CHI,21,230,23,60,0.383,11,37,0.297,8,9,0.889,3,34,37,25,5,0,5,20,65,89,5.0,1.0,"$3,000,000"
364,203648,365,Thanasis Antetokounmpo,MIL,28,241,28,47,0.596,2,9,0.222,6,13,0.462,27,30,57,18,8,6,19,34,64,108,0.95,0.42,"$1,701,593"
365,1629139,365,Yuta Watanabe,TOR,25,297,21,67,0.313,13,35,0.371,9,10,0.9,20,58,78,12,10,13,8,24,64,122,1.5,1.25,"$449,115"
366,1628383,367,Justin Patton,HOU,10,224,26,61,0.426,8,29,0.276,3,4,0.75,13,32,45,12,12,14,4,31,63,106,3.0,3.0,"$267,623"
367,1629744,368,Matt Thomas,TOR,24,175,21,56,0.375,14,37,0.378,6,7,0.857,3,17,20,9,2,0,6,8,62,51,1.5,0.33,"$1,517,981"
368,1630219,368,Skylar Mays,ATL,18,137,19,50,0.38,8,23,0.348,16,18,0.889,7,7,14,18,6,0,5,8,62,62,3.6,1.2,"$449,115"
369,203933,368,T.J. Warren,IND,4,117,27,51,0.529,0,7,0.0,8,10,0.8,2,12,14,5,2,0,4,16,62,53,1.25,0.5,
370,1630233,371,Nathan Knight,ATL,13,104,18,38,0.474,5,11,0.455,20,22,0.909,14,15,29,4,3,6,9,11,61,72,0.44,0.33,"$449,115"
371,202335,371,Patrick Patterson,LAC,13,166,22,49,0.449,13,36,0.361,4,6,0.667,4,21,25,6,5,2,7,16,61,63,0.86,0.71,"$3,814,771"
372,1626184,373,Chasson Randle,ORL,11,241,21,51,0.412,11,34,0.324,7,10,0.7,2,22,24,32,4,1,12,23,60,76,2.67,0.33,"$279,927"
373,1629644,373,KZ Okpala,MIA,23,282,24,60,0.4,10,34,0.294,2,6,0.333,12,34,46,9,6,7,11,37,60,77,0.82,0.55,"$1,517,981"
374,1630181,373,R.J. Hampton,DEN,24,220,24,58,0.414,5,18,0.278,7,10,0.7,10,37,47,12,5,2,11,21,60,78,1.09,0.46,
375,1629610,376,DaQuan Jeffries,SAC,14,202,22,53,0.415,8,25,0.32,6,7,0.857,7,16,23,4,6,4,7,20,58,56,0.57,0.86,"$1,445,697"
376,1627745,377,Damian Jones,LAL,20,177,21,30,0.7,0,1,0.0,15,21,0.714,11,20,31,5,2,11,9,36,57,82,0.56,0.22,"$904,268"
377,1630168,377,Onyeka Okongwu,ATL,18,180,24,40,0.6,0,1,0.0,9,15,0.6,14,32,46,5,7,10,8,29,57,95,0.63,0.88,"$5,813,640"
378,1629648,379,Jordan Bone,ORL,14,196,23,54,0.426,10,32,0.313,0,0,0.0,4,20,24,18,2,0,3,11,56,66,6.0,0.67,"$135,350"
379,202329,380,Al-Farouq Aminu,ORL,12,234,19,55,0.345,6,20,0.3,9,11,0.818,13,40,53,17,12,5,16,15,53,86,1.06,0.75,"$9,720,900"
380,1629185,380,Chris Chiozza,BKN,15,136,17,47,0.362,9,23,0.391,10,13,0.769,3,13,16,36,4,4,10,11,53,70,3.6,0.4,"$449,115"
381,1626188,380,Quinn Cook,CLE,19,110,20,47,0.426,9,22,0.409,4,5,0.8,2,11,13,11,4,1,5,5,53,49,2.2,0.8,"$973,514"
382,1628373,383,Frank Ntilikina,NYK,13,180,18,50,0.36,13,27,0.481,3,7,0.429,3,11,14,10,13,0,6,25,52,47,1.67,2.17,"$6,176,578"
383,1626143,384,Jahlil Okafor,DET,12,120,25,42,0.595,0,3,0.0,1,2,0.5,13,14,27,3,2,2,4,10,51,63,0.75,0.5,"$1,882,867"
384,1629670,384,Jordan Nwora,MIL,10,82,17,37,0.459,8,16,0.5,9,10,0.9,1,14,15,0,4,2,10,9,51,41,0.0,0.4,"$898,310"
385,1629067,386,Isaac Bonga,WAS,24,286,18,49,0.367,11,31,0.355,3,4,0.75,10,37,47,13,6,5,11,35,50,78,1.18,0.55,"$1,663,861"
386,1629617,386,Reggie Perry,BKN,14,147,21,51,0.412,2,12,0.167,6,9,0.667,17,34,51,12,2,5,11,27,50,76,1.09,0.18,"$449,115"
387,1628035,388,Alfonzo McKinnie,LAL,20,103,19,34,0.559,6,14,0.429,5,8,0.625,8,17,25,1,2,0,2,11,49,57,0.5,1.0,"$1,762,796"
388,1629677,388,Luka Samanic,SAS,13,125,17,40,0.425,8,24,0.333,7,13,0.538,7,25,32,3,3,3,8,12,49,53,0.38,0.38,"$2,824,320"
389,1629751,390,Dakota Mathias,PHI,8,123,19,48,0.396,8,26,0.308,2,6,0.333,1,6,7,13,1,3,1,7,48,38,13.0,1.0,"$86,132"
390,203121,390,Darius Miller,OKC,14,145,14,31,0.452,11,27,0.407,9,9,1.0,1,18,19,16,9,4,6,9,48,73,2.67,1.5,"$7,000,000"
391,1628778,392,Paul Watson,TOR,19,150,17,40,0.425,12,30,0.4,1,2,0.5,3,19,22,7,4,2,5,18,47,53,1.4,0.8,"$1,445,697"
392,1629671,393,Miye Oni,UTA,27,208,14,38,0.368,13,33,0.394,5,6,0.833,14,32,46,6,3,4,7,29,46,73,0.86,0.43,"$1,517,981"
393,1628470,394,Torrey Craig,MIL,18,201,18,46,0.391,8,22,0.364,1,2,0.5,13,30,43,16,9,7,5,24,45,86,3.2,1.8,"$1,678,854"
394,1628391,395,D.J. Wilson,MIL,12,105,16,43,0.372,10,28,0.357,1,2,0.5,3,22,25,3,1,4,4,13,43,44,0.75,0.25,
395,202334,395,Ed Davis,MIN,19,264,18,43,0.419,0,0,0.0,7,8,0.875,38,59,97,19,10,10,6,49,43,147,3.17,1.67,"$5,005,350"
396,1630185,395,Nico Mannion,GSW,10,120,14,40,0.35,9,24,0.375,6,10,0.6,1,17,18,26,6,0,12,16,43,51,2.17,0.5,"$449,115"
397,1630182,398,Josh Green,DAL,19,216,17,39,0.436,2,12,0.167,6,11,0.545,12,28,40,10,4,1,11,17,42,59,0.91,0.36,"$2,816,760"
398,1629657,399,Kyle Guy,SAC,16,117,14,44,0.318,6,24,0.25,7,8,0.875,3,11,14,15,4,0,3,9,41,40,5.0,1.33,"$449,115"
399,1629740,399,Nicolo Melli,NOP,20,219,14,54,0.259,7,34,0.206,6,7,0.857,11,41,52,21,8,1,7,25,41,75,3.0,1.14,"$3,897,436"
400,1628411,401,Wes Iwundu,DAL,20,246,14,47,0.298,3,23,0.13,9,11,0.818,5,30,35,8,7,3,5,20,40,53,1.6,1.4,
401,1629604,402,CJ Elleby,POR,13,105,14,31,0.452,5,19,0.263,6,9,0.667,4,10,14,3,4,3,3,18,39,40,1.0,1.33,"$898,310"
402,203960,402,JaKarr Sampson,IND,15,97,15,32,0.469,1,5,0.2,8,10,0.8,8,21,29,1,2,3,6,11,39,49,0.17,0.33,"$1,882,867"
403,1629002,404,Chimezie Metu,SAC,11,71,15,30,0.5,1,3,0.333,6,9,0.667,11,12,23,5,3,6,6,10,37,50,0.83,0.5,"$499,115"
404,1630200,405,Tre Jones,SAS,16,69,15,28,0.536,1,1,1.0,5,5,1.0,4,0,4,6,1,0,5,5,36,29,1.2,0.2,"$898,310"
405,1628966,406,Keita Bates-Diop,SAS,16,118,11,32,0.344,5,15,0.333,7,10,0.7,5,15,20,7,6,1,1,5,34,43,7.0,6.0,"$449,115"
406,1630201,407,Malachi Flynn,TOR,15,125,12,45,0.267,5,26,0.192,4,6,0.667,1,10,11,16,4,0,4,12,33,25,4.0,1.0,"$1,950,600"
407,1630253,407,Sean McDermott,MEM,9,131,11,25,0.44,5,16,0.313,6,6,1.0,4,8,12,4,2,2,4,6,33,35,1.0,0.5,"$449,115"
408,1629682,407,Tremont Waters,BOS,10,98,10,31,0.323,6,15,0.4,7,8,0.875,2,6,8,30,6,0,13,6,33,42,2.31,0.46,"$449,115"
409,1630165,410,Killian Hayes,DET,7,148,13,47,0.277,5,20,0.25,1,2,0.5,1,7,8,25,2,0,17,15,32,15,1.47,0.12,"$5,307,120"
410,1629626,411,Bol Bol,DEN,17,88,12,25,0.48,6,11,0.545,1,2,0.5,0,12,12,4,2,5,8,9,31,32,0.5,0.25,"$2,058,240"
411,1628981,411,Bruno Fernando,ATL,20,160,11,25,0.44,0,2,0.0,9,15,0.6,13,48,61,9,2,2,15,18,31,70,0.6,0.13,"$1,517,981"
412,1627748,413,Thon Maker,CLE,8,76,10,18,0.556,0,2,0.0,10,11,0.909,8,10,18,4,2,4,3,7,30,46,1.33,0.67,"$1,737,145"
413,1628427,413,Vlatko Cancar,DEN,22,129,11,29,0.379,3,15,0.2,5,6,0.833,5,23,28,6,7,2,9,11,30,45,0.67,0.78,"$1,517,981"
414,1629735,415,Chris Silva,MIA,10,78,8,11,0.727,1,1,1.0,11,15,0.733,7,18,25,6,1,5,9,19,28,49,0.67,0.11,"$1,517,981"
415,1629713,416,Justin James,SAC,16,76,11,26,0.423,3,10,0.3,2,8,0.25,3,6,9,7,3,1,2,3,27,24,3.5,1.5,"$1,517,981"
416,1629605,416,Tacko Fall,BOS,9,66,12,17,0.706,0,0,0.0,3,11,0.273,8,16,24,2,0,10,2,12,27,48,1.0,0.0,"$449,115"
417,1628402,418,Frank Jackson,DET,10,72,10,29,0.345,6,17,0.353,0,0,0.0,0,9,9,10,2,0,5,5,26,23,2.0,0.4,"$699,115"
418,1628436,418,Luke Kornet,CHI,12,92,9,27,0.333,6,23,0.261,2,4,0.5,1,14,15,4,2,7,1,1,26,33,4.0,2.0,"$2,250,000"
419,1628412,420,Frank Mason,ORL,4,79,9,24,0.375,2,5,0.4,5,7,0.714,3,9,12,12,0,0,5,7,25,27,2.4,0.0,"$39,989"
420,1629662,421,Mfiondu Kabengele,LAC,21,86,8,28,0.286,3,15,0.2,5,6,0.833,1,12,13,5,2,3,6,17,24,20,0.83,0.33,"$2,075,880"
421,1630241,421,Sam Merrill,MIL,14,82,8,19,0.421,6,12,0.5,2,2,1.0,4,10,14,11,2,0,3,6,24,37,3.67,0.67,"$898,310"
422,203957,423,Dante Exum,HOU,6,116,10,26,0.385,2,11,0.182,1,2,0.5,2,15,17,13,4,2,7,9,23,35,1.86,0.57,"$9,600,000"
423,201567,423,Kevin Love,CLE,4,58,7,22,0.318,4,12,0.333,5,7,0.714,2,11,13,5,1,0,3,3,23,22,1.67,0.33,"$31,258,256"
424,1630187,425,Daniel Oturu,LAC,11,54,10,17,0.588,0,1,0.0,2,2,1.0,5,11,16,5,0,3,3,7,22,36,1.67,0.0,"$898,310"
425,1630194,426,Paul Reed,PHI,6,62,10,23,0.435,0,3,0.0,0,0,0.0,7,5,12,3,1,5,5,4,20,23,0.6,0.2,"$449,115"
426,203915,426,Spencer Dinwiddie,BKN,3,64,6,16,0.375,2,7,0.286,6,6,1.0,0,13,13,9,2,1,5,4,20,30,1.8,0.4,"$11,454,048"
427,1630271,428,Brodric Thomas,CLE,6,34,5,12,0.417,2,7,0.286,7,9,0.778,1,4,5,4,1,1,4,6,19,17,1.0,0.25,"$412,202"
428,1630188,428,Jalen Smith,PHX,12,62,8,20,0.4,2,8,0.25,1,3,0.333,5,9,14,2,0,2,2,5,19,21,1.0,0.0,"$4,245,720"
429,1630210,428,Markus Howard,DEN,19,59,7,34,0.206,4,24,0.167,1,2,0.5,0,6,6,7,2,0,4,9,19,2,1.75,0.5,"$449,115"
430,1627812,428,Yogi Ferrell,CLE,2,41,8,21,0.381,3,9,0.333,0,2,0.0,3,4,7,5,3,1,3,4,19,17,1.67,1.0,"$118,982"
431,1629103,432,Kelan Martin,IND,13,50,7,21,0.333,2,9,0.222,2,2,1.0,1,11,12,0,3,0,4,5,18,15,0.0,0.75,"$1,445,697"
432,203998,433,Bruno Caboclo,HOU,6,36,8,17,0.471,0,5,0.0,1,2,0.5,3,11,14,1,0,2,4,6,17,20,0.25,0.0,"$2,028,594"
433,1627885,433,Shaquille Harrison,UTA,17,56,6,20,0.3,0,2,0.0,5,6,0.833,3,6,9,9,2,0,5,3,17,17,1.8,0.4,"$798,145"
434,1628414,433,Sindarius Thornwell,NOP,14,73,7,21,0.333,3,9,0.333,0,2,0.0,1,4,5,4,5,1,4,3,17,12,1.0,1.25,"$1,195,896"
435,1630216,436,Cassius Winston,WAS,8,51,5,12,0.417,4,9,0.444,2,2,1.0,0,5,5,8,0,1,1,4,16,22,8.0,0.0,"$449,115"
436,1630190,436,Elijah Hughes,UTA,6,27,5,15,0.333,3,10,0.3,3,4,0.75,0,4,4,3,1,1,4,0,16,10,0.75,0.25,"$898,310"
437,1629752,436,Juwan Morgan,UTA,15,71,6,14,0.429,3,10,0.3,1,5,0.2,4,10,14,4,3,0,2,12,16,23,2.0,1.5,"$1,517,981"
438,1629066,436,Rodions Kurucs,HOU,16,91,6,24,0.25,3,17,0.176,1,2,0.5,2,12,14,6,6,4,9,8,16,18,0.67,0.67,"$1,780,152"
439,1627740,440,Henry Ellenson,TOR,2,38,5,14,0.357,2,9,0.222,3,4,0.75,3,9,12,5,0,0,0,7,15,22,0.0,0.0,"$168,983"
440,203090,440,Maurice Harkless,MIA,11,124,5,13,0.385,5,11,0.455,0,2,0.0,2,11,13,7,2,4,3,14,15,28,2.33,0.67,
441,1628990,442,Chandler Hutchison,CHI,7,64,5,18,0.278,1,3,0.333,2,2,1.0,1,19,20,4,1,0,5,9,13,20,0.8,0.2,"$2,443,440"
442,1627737,442,Marquese Chriss,GSW,2,27,5,14,0.357,1,5,0.2,2,4,0.5,3,10,13,2,0,2,2,3,13,17,1.0,0.0,"$1,824,003"
443,1630218,442,Robert Woodard II,SAC,6,17,6,11,0.545,1,3,0.333,0,2,0.0,3,5,8,0,0,0,1,0,13,13,0.0,0.0,
444,1629719,445,Devontae Cacok,LAL,6,24,6,6,1.0,0,0,0.0,0,2,0.0,2,6,8,1,2,0,2,0,12,19,0.5,1.0,"$449,115"
445,1630221,445,Josh Hall,OKC,7,51,4,18,0.222,1,8,0.125,3,7,0.429,1,8,9,7,0,0,4,7,12,6,1.75,0.0,"$449,115"
446,1630208,445,Nick Richards,CHA,9,28,3,6,0.5,0,0,0.0,6,9,0.667,2,5,7,0,0,0,1,4,12,12,0.0,0.0,"$1,000,000"
447,1628962,445,Udoka Azubuike,UTA,12,49,4,7,0.571,0,0,0.0,4,6,0.667,4,9,13,0,1,4,3,8,12,22,0.0,0.33,"$1,977,000"
448,1629690,449,Adam Mokoka,CHI,8,44,5,14,0.357,1,8,0.125,0,0,0.0,1,3,4,4,2,1,2,5,11,11,2.0,1.0,"$449,115"
449,1630199,449,Cassius Stanley,IND,9,25,3,9,0.333,1,3,0.333,4,5,0.8,2,2,4,0,0,2,1,7,11,9,0.0,0.0,"$449,115"
450,1626245,449,Cristiano Felicio,CHI,6,38,3,4,0.75,0,0,0.0,5,8,0.625,6,6,12,5,2,0,3,3,11,23,1.67,0.67,"$7,529,020"
451,1629714,449,Jarrell Brantley,UTA,10,28,4,10,0.4,3,7,0.429,0,0,0.0,2,5,7,0,1,1,1,4,11,13,0.0,1.0,"$449,115"
452,1630179,449,Tyrell Terry,DAL,11,56,5,16,0.313,0,7,0.0,1,3,0.333,0,6,6,6,5,0,2,2,11,13,3.0,2.5,"$1,289,846"
453,1630264,454,Anthony Gill,WAS,12,67,3,10,0.3,1,7,0.143,3,4,0.75,3,16,19,4,3,2,3,3,10,27,1.33,1.0,"$898,310"
454,1628395,454,Jordan Bell,WAS,3,50,5,15,0.333,0,2,0.0,0,0,0.0,5,11,16,5,1,3,3,4,10,22,1.67,0.33,"$695,052"
455,203086,454,Meyers Leonard,MIA,3,29,3,7,0.429,3,7,0.429,1,2,0.5,0,7,7,2,0,0,2,5,10,12,1.0,0.0,"$9,400,000"
456,203658,457,Norvel Pelle,SAC,4,32,3,8,0.375,0,0,0.0,3,4,0.75,4,4,8,1,0,3,3,10,9,12,0.33,0.0,"$316,865"
457,203953,458,Jabari Parker,SAC,3,27,4,7,0.571,0,1,0.0,0,0,0.0,1,5,6,1,0,1,3,4,8,10,0.33,0.0,"$6,500,000"
458,1630207,458,Nate Hinton,DAL,6,19,3,13,0.231,1,5,0.2,1,2,0.5,0,0,0,0,1,1,2,1,8,-3,0.0,0.5,"$449,115"
459,1629738,458,Vincent Poirier,PHI,9,36,3,12,0.25,0,1,0.0,2,4,0.5,6,5,11,2,0,2,3,6,8,9,0.67,0.0,"$2,619,207"
460,1630186,461,Jahmi'us Ramsey,SAC,5,17,3,5,0.6,1,3,0.333,0,0,0.0,0,4,4,1,0,1,1,0,7,10,1.0,0.0,"$1,000,000"
461,1630211,461,Karim Mane,ORL,6,56,1,9,0.111,1,2,0.5,4,4,1.0,0,10,10,1,0,1,3,3,7,8,0.33,0.0,"$449,115"
462,1629716,461,Marques Bolden,CLE,6,29,1,3,0.333,0,0,0.0,5,8,0.625,3,3,6,0,2,2,2,0,7,10,0.0,1.0,"$449,115"
463,203460,464,Andre Roberson,BKN,5,63,2,14,0.143,1,8,0.125,1,2,0.5,7,8,15,4,3,1,2,4,6,14,2.0,1.5,"$411,639"
464,1630237,464,Anthony Lamb,HOU,4,74,2,20,0.1,2,13,0.154,0,0,0.0,8,9,17,1,0,0,2,11,6,4,0.5,0.0,"$215,330"
465,201162,464,Jared Dudley,LAL,11,76,2,7,0.286,2,5,0.4,0,0,0.0,4,15,19,5,1,1,2,7,6,25,2.5,0.5,"$2,564,753"
466,1629683,464,Quinndary Weatherspoon,SAS,7,38,2,7,0.286,0,1,0.0,2,2,1.0,0,3,3,4,4,1,7,7,6,6,0.57,0.57,"$449,115"
467,1630189,464,Tyler Bey,DAL,5,14,2,5,0.4,0,0,0.0,2,4,0.5,2,2,4,0,0,1,0,2,6,6,0.0,0.0,"$449,115"
468,1629665,469,Jalen Lecque,IND,3,9,1,4,0.25,0,1,0.0,3,3,1.0,1,3,4,2,0,0,0,0,5,8,0.0,0.0,"$1,517,981"
469,1629653,470,Devon Dotson,CHI,1,10,2,4,0.5,0,0,0.0,0,0,0.0,0,1,1,0,0,0,0,1,4,3,0.0,0.0,"$449,115"
470,1629833,470,Keljin Blevins,POR,9,47,2,11,0.182,0,4,0.0,0,0,0.0,0,2,2,4,2,0,3,4,4,0,1.33,0.67,"$449,115"
471,1629681,470,Killian Tillie,MEM,3,24,1,6,0.167,1,3,0.333,1,2,0.5,1,1,2,0,1,0,1,5,4,0,0.0,1.0,"$449,115"
472,1629034,470,Ray Spalding,HOU,2,19,2,4,0.5,0,1,0.0,0,2,0.0,2,2,4,0,0,2,3,3,4,3,0.0,0.0,
473,204025,470,Tim Frazier,MEM,3,33,2,8,0.25,0,2,0.0,0,0,0.0,0,4,4,7,1,0,3,4,4,7,2.33,0.33,"$138,945"
474,1628968,475,Brian Bowen II,IND,2,7,1,2,0.5,0,0,0.0,1,1,1.0,0,1,1,0,0,0,0,0,3,3,0.0,0.0,
475,1630223,475,Jalen Harris,TOR,4,14,1,4,0.25,1,2,0.5,0,0,0.0,1,2,3,2,1,0,1,2,3,5,2.0,1.0,"$449,115"
476,1628961,475,Kostas Antetokounmpo,LAL,3,19,1,3,0.333,0,0,0.0,1,2,0.5,2,6,8,0,1,2,5,3,3,6,0.0,0.2,"$449,115"
477,1630230,475,Naji Marshall,NOP,5,17,1,4,0.25,0,2,0.0,1,2,0.5,0,2,2,2,0,1,1,1,3,3,2.0,0.0,"$449,115"
478,1630176,475,Vernon Carey Jr.,CHA,4,11,1,3,0.333,0,1,0.0,1,2,0.5,2,3,5,1,0,1,1,0,3,6,1.0,0.0,
479,1629346,480,Alen Smailagic,GSW,1,3,1,1,1.0,0,0,0.0,0,2,0.0,0,0,0,0,0,0,0,0,2,0,0.0,0.0,"$1,517,981"
480,1629649,480,Ignas Brazdeikis,NYK,4,7,0,1,0.0,0,0,0.0,2,2,1.0,1,1,2,1,0,0,1,0,2,3,1.0,0.0,"$1,517,981"
481,202697,480,Iman Shumpert,BKN,2,11,1,4,0.25,0,3,0.0,0,0,0.0,1,0,1,0,1,0,1,0,2,0,0.0,1.0,"$803,044"
482,1629607,480,Jared Harper,NYK,2,5,0,1,0.0,0,0,0.0,2,2,1.0,0,0,0,0,0,0,2,0,2,-1,0.0,0.0,"$449,115"
483,1629121,480,Jaylen Adams,MIL,7,18,1,8,0.125,0,2,0.0,0,0,0.0,0,3,3,2,0,0,0,1,2,0,0.0,0.0,"$449,115"
484,1629603,480,Mamadi Diakite,MIL,1,5,1,2,0.5,0,0,0.0,0,0,0.0,0,2,2,2,0,1,0,2,2,6,0.0,0.0,"$449,115"
485,1628390,480,Terrance Ferguson,PHI,12,47,1,7,0.143,0,5,0.0,0,0,0.0,0,1,1,2,1,0,4,7,2,-4,0.5,0.25,"$3,944,013"
486,1629033,480,Theo Pinson,NYK,13,28,1,8,0.125,0,7,0.0,0,0,0.0,0,2,2,1,0,0,1,3,2,-3,1.0,0.0,"$449,115"
487,1630235,480,Trent Forrest,UTA,7,20,0,3,0.0,0,2,0.0,2,2,1.0,0,2,2,4,2,0,1,2,2,6,4.0,2.0,"$449,115"
488,1629076,480,Tyler Cook,BKN,4,17,1,3,0.333,0,0,0.0,0,0,0.0,1,1,2,2,0,0,1,2,2,3,2.0,0.0,"$99,020"
489,1629686,490,Deividas Sirvydis,DET,6,11,0,4,0.0,0,4,0.0,1,2,0.5,0,2,2,1,1,0,0,1,1,0,0.0,0.0,"$898,310"
490,1629117,490,Wenyen Gabriel,NOP,5,17,0,4,0.0,0,1,0.0,1,2,0.5,1,5,6,1,0,0,1,0,1,2,1.0,0.0,"$1,620,564"
491,1628394,492,Anzejs Pasecniks,WAS,1,6,0,1,0.0,0,1,0.0,0,0,0.0,1,0,1,1,0,0,5,2,0,-4,0.2,0.0,"$374,297"
492,1630204,492,Ashton Hagans,MIN,2,4,0,0,0.0,0,0,0.0,0,0,0.0,0,0,0,0,0,0,1,0,0,-1,0.0,0.0,"$166,111"
493,204222,492,Greg Whittington,DEN,4,12,0,3,0.0,0,2,0.0,0,0,0.0,0,0,0,0,0,0,0,0,0,-3,0.0,0.0,"$449,115"
494,1629007,492,Jontay Porter,MEM,1,3,0,2,0.0,0,1,0.0,0,0,0.0,1,2,3,0,0,0,0,1,0,1,0.0,0.0,"$1,900,000"
495,1630268,492,Nate Darling,CHA,1,4,0,1,0.0,0,1,0.0,0,0,0.0,0,0,0,0,0,0,0,0,0,-1,0.0,0.0,"$449,115"
496,203943,492,Noah Vonleh,BKN,4,11,0,3,0.0,0,2,0.0,0,0,0.0,0,1,1,1,0,0,2,2,0,-3,0.5,0.0,"$427,725"
497,1627775,492,Patrick McCaw,TOR,3,20,0,0,0.0,0,0,0.0,0,0,0.0,1,0,1,4,0,0,0,3,0,5,0.0,0.0,"$4,000,000"
498,1630234,492,Ty-Shon Alexander,PHX,3,8,0,3,0.0,0,1,0.0,0,0,0.0,0,1,1,1,0,0,0,1,0,-1,0.0,0.0,"$449,115"
